pplus_low,pplus_high,pminus_low,pminus_high,ot_hybrid_weight
0.0,0.08,0.0,0.08,0.0
0.0,0.08,0.08,0.16,0.0
0.0,0.08,0.16,0.24,0.0
0.0,0.08,0.24,0.32,0.0
0.0,0.08,0.32,0.4,0.0
0.0,0.08,0.4,0.48,0.0
0.0,0.08,0.48,0.56,0.0
0.0,0.08,0.56,0.64,0.0
0.0,0.08,0.64,0.72,0.0
0.0,0.08,0.72,0.8,0.0
0.0,0.08,0.8,0.88,0.0
0.0,0.08,0.88,0.96,0.0
0.0,0.08,0.96,1.04,0.0
0.0,0.08,1.04,1.12,0.0
0.0,0.08,1.12,1.2,0.0
0.0,0.08,1.2,1.28,0.0
0.0,0.08,1.28,1.36,0.0
0.0,0.08,1.36,1.44,0.0
0.0,0.08,1.44,1.52,0.0
0.0,0.08,1.52,1.6,0.0
0.0,0.08,1.6,1.68,0.0
0.0,0.08,1.68,1.76,0.0
0.0,0.08,1.76,1.84,0.0
0.0,0.08,1.84,1.92,0.0
0.0,0.08,1.92,2.0,0.0
0.0,0.08,2.0,2.08,0.0
0.0,0.08,2.08,2.16,0.0
0.0,0.08,2.16,2.24,0.0
0.0,0.08,2.24,2.32,0.0
0.0,0.08,2.32,2.4,0.0
0.0,0.08,2.4,2.48,0.0
0.0,0.08,2.48,2.56,0.0
0.0,0.08,2.56,2.64,0.0
0.0,0.08,2.64,2.72,0.0
0.0,0.08,2.72,2.8,0.0
0.0,0.08,2.8,2.88,0.0
0.0,0.08,2.88,2.96,0.0
0.0,0.08,2.96,3.04,0.0
0.0,0.08,3.04,3.12,0.0
0.0,0.08,3.12,3.2,0.0
0.0,0.08,3.2,3.28,0.0
0.0,0.08,3.28,3.36,0.0
0.0,0.08,3.36,3.44,0.0
0.0,0.08,3.44,3.52,0.0
0.0,0.08,3.52,3.6,0.0
0.0,0.08,3.6,3.68,0.0
0.0,0.08,3.68,3.76,0.0
0.0,0.08,3.76,3.84,0.0
0.0,0.08,3.84,3.92,0.0
0.0,0.08,3.92,4.0,0.0
0.0,0.08,4.0,4.08,0.0
0.0,0.08,4.08,4.16,0.0
0.0,0.08,4.16,4.24,0.0
0.0,0.08,4.24,4.32,0.0
0.0,0.08,4.32,4.4,0.0
0.0,0.08,4.4,4.48,0.0
0.0,0.08,4.48,4.56,0.0
0.0,0.08,4.56,4.64,0.0
0.0,0.08,4.64,4.72,0.0
0.0,0.08,4.72,4.8,0.0
0.0,0.08,4.8,4.88,0.0
0.0,0.08,4.88,4.96,0.0
0.0,0.08,4.96,5.04,0.0
0.0,0.08,5.04,5.12,0.0
0.0,0.08,5.12,5.2,0.0
0.0,0.08,5.2,5.28,0.0
0.08,0.16,0.0,0.08,0.0
0.08,0.16,0.08,0.16,0.0
0.08,0.16,0.16,0.24,0.0
0.08,0.16,0.24,0.32,0.0
0.08,0.16,0.32,0.4,0.0
0.08,0.16,0.4,0.48,0.0
0.08,0.16,0.48,0.56,0.0
0.08,0.16,0.56,0.64,0.0
0.08,0.16,0.64,0.72,0.0
0.08,0.16,0.72,0.8,0.0
0.08,0.16,0.8,0.88,0.0
0.08,0.16,0.88,0.96,0.0
0.08,0.16,0.96,1.04,0.0
0.08,0.16,1.04,1.12,0.0
0.08,0.16,1.12,1.2,0.0
0.08,0.16,1.2,1.28,0.0
0.08,0.16,1.28,1.36,0.0
0.08,0.16,1.36,1.44,0.0
0.08,0.16,1.44,1.52,0.0
0.08,0.16,1.52,1.6,0.0
0.08,0.16,1.6,1.68,0.0
0.08,0.16,1.68,1.76,0.0
0.08,0.16,1.76,1.84,0.0
0.08,0.16,1.84,1.92,0.0
0.08,0.16,1.92,2.0,0.0
0.08,0.16,2.0,2.08,0.0
0.08,0.16,2.08,2.16,0.0
0.08,0.16,2.16,2.24,0.0
0.08,0.16,2.24,2.32,0.0
0.08,0.16,2.32,2.4,0.0
0.08,0.16,2.4,2.48,0.0
0.08,0.16,2.48,2.56,0.0
0.08,0.16,2.56,2.64,0.0
0.08,0.16,2.64,2.72,0.0
0.08,0.16,2.72,2.8,0.0
0.08,0.16,2.8,2.88,0.0
0.08,0.16,2.88,2.96,0.0
0.08,0.16,2.96,3.04,0.0
0.08,0.16,3.04,3.12,0.0
0.08,0.16,3.12,3.2,0.0
0.08,0.16,3.2,3.28,0.0
0.08,0.16,3.28,3.36,0.0
0.08,0.16,3.36,3.44,0.0
0.08,0.16,3.44,3.52,0.0
0.08,0.16,3.52,3.6,0.0
0.08,0.16,3.6,3.68,0.0
0.08,0.16,3.68,3.76,0.0
0.08,0.16,3.76,3.84,0.0
0.08,0.16,3.84,3.92,0.0
0.08,0.16,3.92,4.0,0.0
0.08,0.16,4.0,4.08,0.0
0.08,0.16,4.08,4.16,0.0
0.08,0.16,4.16,4.24,0.0
0.08,0.16,4.24,4.32,0.0
0.08,0.16,4.32,4.4,0.0
0.08,0.16,4.4,4.48,0.0
0.08,0.16,4.48,4.56,0.0
0.08,0.16,4.56,4.64,0.0
0.08,0.16,4.64,4.72,0.0
0.08,0.16,4.72,4.8,0.0
0.08,0.16,4.8,4.88,0.0
0.08,0.16,4.88,4.96,0.0
0.08,0.16,4.96,5.04,0.0
0.08,0.16,5.04,5.12,0.0
0.08,0.16,5.12,5.2,0.0
0.08,0.16,5.2,5.28,0.0
0.16,0.24,0.0,0.08,0.0
0.16,0.24,0.08,0.16,0.0
0.16,0.24,0.16,0.24,0.0
0.16,0.24,0.24,0.32,0.0
0.16,0.24,0.32,0.4,0.0
0.16,0.24,0.4,0.48,0.0
0.16,0.24,0.48,0.56,0.0
0.16,0.24,0.56,0.64,0.0
0.16,0.24,0.64,0.72,0.0
0.16,0.24,0.72,0.8,0.0
0.16,0.24,0.8,0.88,0.0
0.16,0.24,0.88,0.96,0.0
0.16,0.24,0.96,1.04,0.0
0.16,0.24,1.04,1.12,0.0
0.16,0.24,1.12,1.2,0.0
0.16,0.24,1.2,1.28,0.0
0.16,0.24,1.28,1.36,0.0
0.16,0.24,1.36,1.44,0.0
0.16,0.24,1.44,1.52,0.0
0.16,0.24,1.52,1.6,0.0
0.16,0.24,1.6,1.68,0.0
0.16,0.24,1.68,1.76,0.0
0.16,0.24,1.76,1.84,0.0
0.16,0.24,1.84,1.92,0.0
0.16,0.24,1.92,2.0,0.0
0.16,0.24,2.0,2.08,0.0
0.16,0.24,2.08,2.16,0.0
0.16,0.24,2.16,2.24,0.0
0.16,0.24,2.24,2.32,0.0
0.16,0.24,2.32,2.4,0.0
0.16,0.24,2.4,2.48,0.0
0.16,0.24,2.48,2.56,0.0
0.16,0.24,2.56,2.64,0.0
0.16,0.24,2.64,2.72,0.0
0.16,0.24,2.72,2.8,0.0
0.16,0.24,2.8,2.88,0.0
0.16,0.24,2.88,2.96,0.0
0.16,0.24,2.96,3.04,0.0
0.16,0.24,3.04,3.12,0.0
0.16,0.24,3.12,3.2,0.0
0.16,0.24,3.2,3.28,0.0
0.16,0.24,3.28,3.36,0.0
0.16,0.24,3.36,3.44,0.0
0.16,0.24,3.44,3.52,0.0
0.16,0.24,3.52,3.6,0.0
0.16,0.24,3.6,3.68,0.0
0.16,0.24,3.68,3.76,0.0
0.16,0.24,3.76,3.84,0.0
0.16,0.24,3.84,3.92,0.0
0.16,0.24,3.92,4.0,0.0
0.16,0.24,4.0,4.08,0.0
0.16,0.24,4.08,4.16,0.0
0.16,0.24,4.16,4.24,0.0
0.16,0.24,4.24,4.32,0.0
0.16,0.24,4.32,4.4,0.0
0.16,0.24,4.4,4.48,0.0
0.16,0.24,4.48,4.56,0.0
0.16,0.24,4.56,4.64,0.0
0.16,0.24,4.64,4.72,0.0
0.16,0.24,4.72,4.8,0.0
0.16,0.24,4.8,4.88,0.0
0.16,0.24,4.88,4.96,0.0
0.16,0.24,4.96,5.04,0.0
0.16,0.24,5.04,5.12,0.0
0.16,0.24,5.12,5.2,0.0
0.16,0.24,5.2,5.28,0.0
0.24,0.32,0.0,0.08,0.0
0.24,0.32,0.08,0.16,0.0
0.24,0.32,0.16,0.24,0.0
0.24,0.32,0.24,0.32,0.0
0.24,0.32,0.32,0.4,0.0
0.24,0.32,0.4,0.48,0.0
0.24,0.32,0.48,0.56,0.0
0.24,0.32,0.56,0.64,0.0
0.24,0.32,0.64,0.72,0.0
0.24,0.32,0.72,0.8,0.0
0.24,0.32,0.8,0.88,0.0
0.24,0.32,0.88,0.96,0.0
0.24,0.32,0.96,1.04,0.0
0.24,0.32,1.04,1.12,0.0
0.24,0.32,1.12,1.2,0.0
0.24,0.32,1.2,1.28,0.0
0.24,0.32,1.28,1.36,0.0
0.24,0.32,1.36,1.44,0.0
0.24,0.32,1.44,1.52,0.0
0.24,0.32,1.52,1.6,0.0
0.24,0.32,1.6,1.68,0.0
0.24,0.32,1.68,1.76,0.0
0.24,0.32,1.76,1.84,0.0
0.24,0.32,1.84,1.92,0.0
0.24,0.32,1.92,2.0,0.0
0.24,0.32,2.0,2.08,0.0
0.24,0.32,2.08,2.16,0.0
0.24,0.32,2.16,2.24,0.0
0.24,0.32,2.24,2.32,0.0
0.24,0.32,2.32,2.4,0.0
0.24,0.32,2.4,2.48,0.0
0.24,0.32,2.48,2.56,0.0
0.24,0.32,2.56,2.64,0.0
0.24,0.32,2.64,2.72,0.0
0.24,0.32,2.72,2.8,0.0
0.24,0.32,2.8,2.88,0.0
0.24,0.32,2.88,2.96,0.0
0.24,0.32,2.96,3.04,0.0
0.24,0.32,3.04,3.12,0.0
0.24,0.32,3.12,3.2,0.0
0.24,0.32,3.2,3.28,0.0
0.24,0.32,3.28,3.36,0.0
0.24,0.32,3.36,3.44,0.0
0.24,0.32,3.44,3.52,0.0
0.24,0.32,3.52,3.6,0.0
0.24,0.32,3.6,3.68,0.0
0.24,0.32,3.68,3.76,0.0
0.24,0.32,3.76,3.84,0.0
0.24,0.32,3.84,3.92,0.0
0.24,0.32,3.92,4.0,0.16543031250266851
0.24,0.32,4.0,4.08,0.1898352748237357
0.24,0.32,4.08,4.16,0.20888773074405378
0.24,0.32,4.16,4.24,0.27292172473672993
0.24,0.32,4.24,4.32,0.3343077006869502
0.24,0.32,4.32,4.4,0.32972094039777006
0.24,0.32,4.4,4.48,0.35107316539783123
0.24,0.32,4.48,4.56,0.3577186562240158
0.24,0.32,4.56,4.64,0.40498221206236
0.24,0.32,4.64,4.72,0.43626360132453046
0.24,0.32,4.72,4.8,0.4629919652845335
0.24,0.32,4.8,4.88,0.4683858615692041
0.24,0.32,4.88,4.96,0.49505690812227315
0.24,0.32,4.96,5.04,0.4942446176317009
0.24,0.32,5.04,5.12,0.5119087554515975
0.24,0.32,5.12,5.2,0.5620559662983275
0.24,0.32,5.2,5.28,0.615753709042924
0.32,0.4,0.0,0.08,0.0
0.32,0.4,0.08,0.16,0.0
0.32,0.4,0.16,0.24,0.0
0.32,0.4,0.24,0.32,0.0
0.32,0.4,0.32,0.4,0.0
0.32,0.4,0.4,0.48,0.0
0.32,0.4,0.48,0.56,0.0
0.32,0.4,0.56,0.64,0.0
0.32,0.4,0.64,0.72,0.0
0.32,0.4,0.72,0.8,0.0
0.32,0.4,0.8,0.88,0.0
0.32,0.4,0.88,0.96,0.0
0.32,0.4,0.96,1.04,0.0
0.32,0.4,1.04,1.12,0.0
0.32,0.4,1.12,1.2,0.0
0.32,0.4,1.2,1.28,0.0
0.32,0.4,1.28,1.36,0.0
0.32,0.4,1.36,1.44,0.0
0.32,0.4,1.44,1.52,0.0
0.32,0.4,1.52,1.6,0.0
0.32,0.4,1.6,1.68,0.0
0.32,0.4,1.68,1.76,0.0
0.32,0.4,1.76,1.84,0.0
0.32,0.4,1.84,1.92,0.0
0.32,0.4,1.92,2.0,0.0
0.32,0.4,2.0,2.08,0.0
0.32,0.4,2.08,2.16,0.0
0.32,0.4,2.16,2.24,0.0
0.32,0.4,2.24,2.32,0.0
0.32,0.4,2.32,2.4,0.0
0.32,0.4,2.4,2.48,0.0
0.32,0.4,2.48,2.56,0.0
0.32,0.4,2.56,2.64,0.0
0.32,0.4,2.64,2.72,0.0
0.32,0.4,2.72,2.8,0.22813730767259213
0.32,0.4,2.8,2.88,0.4010164918708415
0.32,0.4,2.88,2.96,0.4710642768387736
0.32,0.4,2.96,3.04,0.5318404114419741
0.32,0.4,3.04,3.12,0.6250385585174445
0.32,0.4,3.12,3.2,0.6783832684749196
0.32,0.4,3.2,3.28,0.6999550093921191
0.32,0.4,3.28,3.36,0.746960762833381
0.32,0.4,3.36,3.44,0.9263421083187722
0.32,0.4,3.44,3.52,0.9387902916707369
0.32,0.4,3.52,3.6,0.9393784284315344
0.32,0.4,3.6,3.68,0.9458757925880299
0.32,0.4,3.68,3.76,0.9469804826895795
0.32,0.4,3.76,3.84,0.9541951149640886
0.32,0.4,3.84,3.92,0.9550319569205318
0.32,0.4,3.92,4.0,0.9618622386223863
0.32,0.4,4.0,4.08,0.9625808457209297
0.32,0.4,4.08,4.16,0.9622849900564681
0.32,0.4,4.16,4.24,0.9630938653136528
0.32,0.4,4.24,4.32,0.9673743230938805
0.32,0.4,4.32,4.4,0.9712877050529863
0.32,0.4,4.4,4.48,0.9705235788277784
0.32,0.4,4.48,4.56,0.9726535959459957
0.32,0.4,4.56,4.64,0.9752758405210756
0.32,0.4,4.64,4.72,0.9769107507588841
0.32,0.4,4.72,4.8,0.9786904313759082
0.32,0.4,4.8,4.88,0.9776418807207548
0.32,0.4,4.88,4.96,0.9814962601792823
0.32,0.4,4.96,5.04,0.9802655416267518
0.32,0.4,5.04,5.12,0.9827682871259706
0.32,0.4,5.12,5.2,0.9834153637229761
0.32,0.4,5.2,5.28,0.9840113031320626
0.4,0.48,0.0,0.08,0.0
0.4,0.48,0.08,0.16,0.0
0.4,0.48,0.16,0.24,0.0
0.4,0.48,0.24,0.32,0.0
0.4,0.48,0.32,0.4,0.0
0.4,0.48,0.4,0.48,0.0
0.4,0.48,0.48,0.56,0.0
0.4,0.48,0.56,0.64,0.0
0.4,0.48,0.64,0.72,0.0
0.4,0.48,0.72,0.8,0.0
0.4,0.48,0.8,0.88,0.0
0.4,0.48,0.88,0.96,0.0
0.4,0.48,0.96,1.04,0.0
0.4,0.48,1.04,1.12,0.0
0.4,0.48,1.12,1.2,0.0
0.4,0.48,1.2,1.28,0.0
0.4,0.48,1.28,1.36,0.0
0.4,0.48,1.36,1.44,0.0
0.4,0.48,1.44,1.52,0.0
0.4,0.48,1.52,1.6,0.0
0.4,0.48,1.6,1.68,0.0
0.4,0.48,1.68,1.76,0.0
0.4,0.48,1.76,1.84,0.0
0.4,0.48,1.84,1.92,0.0
0.4,0.48,1.92,2.0,0.28854131217612305
0.4,0.48,2.0,2.08,0.4160663035203672
0.4,0.48,2.08,2.16,0.6682717755979775
0.4,0.48,2.16,2.24,0.8391468412171534
0.4,0.48,2.24,2.32,0.8599446410179021
0.4,0.48,2.32,2.4,0.877522441298222
0.4,0.48,2.4,2.48,0.895846072746441
0.4,0.48,2.48,2.56,0.9019087155157254
0.4,0.48,2.56,2.64,0.9174097150807567
0.4,0.48,2.64,2.72,0.9222344076587615
0.4,0.48,2.72,2.8,0.929475695837309
0.4,0.48,2.8,2.88,0.9347242145695116
0.4,0.48,2.88,2.96,0.9439428804400399
0.4,0.48,2.96,3.04,0.949886829313468
0.4,0.48,3.04,3.12,0.9509778961489982
0.4,0.48,3.12,3.2,0.9556387988122304
0.4,0.48,3.2,3.28,0.9599834175166236
0.4,0.48,3.28,3.36,0.9617276818351035
0.4,0.48,3.36,3.44,0.964942313388695
0.4,0.48,3.44,3.52,0.9661293408421366
0.4,0.48,3.52,3.6,0.9701001203560428
0.4,0.48,3.6,3.68,0.9707638195033956
0.4,0.48,3.68,3.76,0.9727591423758183
0.4,0.48,3.76,3.84,0.9734699922250063
0.4,0.48,3.84,3.92,0.9776473910550236
0.4,0.48,3.92,4.0,0.9770524330730954
0.4,0.48,4.0,4.08,0.9775969763462539
0.4,0.48,4.08,4.16,0.9782680165528279
0.4,0.48,4.16,4.24,0.9821497571987357
0.4,0.48,4.24,4.32,0.9821251518300306
0.4,0.48,4.32,4.4,0.9812105433346043
0.4,0.48,4.4,4.48,0.9841151268088757
0.4,0.48,4.48,4.56,0.9852046227155183
0.4,0.48,4.56,4.64,0.9843513227452028
0.4,0.48,4.64,4.72,0.9862872993297459
0.4,0.48,4.72,4.8,0.9854751013128992
0.4,0.48,4.8,4.88,0.9887089802771057
0.4,0.48,4.88,4.96,0.9882471093538391
0.4,0.48,4.96,5.04,0.9884932195483203
0.4,0.48,5.04,5.12,0.9890982560015714
0.4,0.48,5.12,5.2,0.9908128427078665
0.4,0.48,5.2,5.28,0.9903803105590521
0.48,0.56,0.0,0.08,0.0
0.48,0.56,0.08,0.16,0.0
0.48,0.56,0.16,0.24,0.0
0.48,0.56,0.24,0.32,0.0
0.48,0.56,0.32,0.4,0.0
0.48,0.56,0.4,0.48,0.0
0.48,0.56,0.48,0.56,0.0
0.48,0.56,0.56,0.64,0.0
0.48,0.56,0.64,0.72,0.0
0.48,0.56,0.72,0.8,0.0
0.48,0.56,0.8,0.88,0.0
0.48,0.56,0.88,0.96,0.0
0.48,0.56,0.96,1.04,0.0
0.48,0.56,1.04,1.12,0.0
0.48,0.56,1.12,1.2,0.0
0.48,0.56,1.2,1.28,0.0
0.48,0.56,1.28,1.36,0.0
0.48,0.56,1.36,1.44,0.0
0.48,0.56,1.44,1.52,0.237903435370834
0.48,0.56,1.52,1.6,0.6535905875265191
0.48,0.56,1.6,1.68,0.7074016644421727
0.48,0.56,1.68,1.76,0.7847005393130833
0.48,0.56,1.76,1.84,0.8200535404665572
0.48,0.56,1.84,1.92,0.8540421929831765
0.48,0.56,1.92,2.0,0.8705553481290393
0.48,0.56,2.0,2.08,0.8859919618304462
0.48,0.56,2.08,2.16,0.9067226890756305
0.48,0.56,2.16,2.24,0.9159334151604233
0.48,0.56,2.24,2.32,0.9272647319030899
0.48,0.56,2.32,2.4,0.9364875852148359
0.48,0.56,2.4,2.48,0.9443136116754435
0.48,0.56,2.48,2.56,0.9436680862251877
0.48,0.56,2.56,2.64,0.9502950329042469
0.48,0.56,2.64,2.72,0.9569389773553286
0.48,0.56,2.72,2.8,0.9616229699950245
0.48,0.56,2.8,2.88,0.9620257677153051
0.48,0.56,2.88,2.96,0.9626040454913319
0.48,0.56,2.96,3.04,0.9651807578404857
0.48,0.56,3.04,3.12,0.9696462597929791
0.48,0.56,3.12,3.2,0.9704735186496881
0.48,0.56,3.2,3.28,0.9744210862664334
0.48,0.56,3.28,3.36,0.9764897153922036
0.48,0.56,3.36,3.44,0.9781088200999046
0.48,0.56,3.44,3.52,0.9772904427488833
0.48,0.56,3.52,3.6,0.977801543368994
0.48,0.56,3.6,3.68,0.9820218171586279
0.48,0.56,3.68,3.76,0.9813778006564596
0.48,0.56,3.76,3.84,0.9831622685974762
0.48,0.56,3.84,3.92,0.984225154400657
0.48,0.56,3.92,4.0,0.9860286017316975
0.48,0.56,4.0,4.08,0.9864403781024113
0.48,0.56,4.08,4.16,0.9843531522191377
0.48,0.56,4.16,4.24,0.9866818596372676
0.48,0.56,4.24,4.32,0.9874170419597642
0.48,0.56,4.32,4.4,0.9885205235859287
0.48,0.56,4.4,4.48,0.9882177014189968
0.48,0.56,4.48,4.56,0.9888437405774836
0.48,0.56,4.56,4.64,0.9891170650836943
0.48,0.56,4.64,4.72,0.9909161027646827
0.48,0.56,4.72,4.8,0.9909105859860826
0.48,0.56,4.8,4.88,0.9914047125921734
0.48,0.56,4.88,4.96,0.9905211526245082
0.48,0.56,4.96,5.04,0.9921484795584499
0.48,0.56,5.04,5.12,0.9925368296852469
0.48,0.56,5.12,5.2,0.9921982076963626
0.48,0.56,5.2,5.28,0.993500359747041
0.56,0.64,0.0,0.08,0.0
0.56,0.64,0.08,0.16,0.0
0.56,0.64,0.16,0.24,0.0
0.56,0.64,0.24,0.32,0.0
0.56,0.64,0.32,0.4,0.0
0.56,0.64,0.4,0.48,0.0
0.56,0.64,0.48,0.56,0.0
0.56,0.64,0.56,0.64,0.0
0.56,0.64,0.64,0.72,0.0
0.56,0.64,0.72,0.8,0.0
0.56,0.64,0.8,0.88,0.0
0.56,0.64,0.88,0.96,0.0
0.56,0.64,0.96,1.04,0.0
0.56,0.64,1.04,1.12,0.0
0.56,0.64,1.12,1.2,0.0
0.56,0.64,1.2,1.28,0.3822908809197511
0.56,0.64,1.28,1.36,0.5970122604451855
0.56,0.64,1.36,1.44,0.7170299237783658
0.56,0.64,1.44,1.52,0.787338745387457
0.56,0.64,1.52,1.6,0.8202685156197902
0.56,0.64,1.6,1.68,0.8622408346385635
0.56,0.64,1.68,1.76,0.8712054120541223
0.56,0.64,1.76,1.84,0.8890436742984159
0.56,0.64,1.84,1.92,0.918819188191883
0.56,0.64,1.92,2.0,0.9152621121352923
0.56,0.64,2.0,2.08,0.932858233378326
0.56,0.64,2.08,2.16,0.9468177824635394
0.56,0.64,2.16,2.24,0.9439717507895646
0.56,0.64,2.24,2.32,0.9552219551052339
0.56,0.64,2.32,2.4,0.957364131498819
0.56,0.64,2.4,2.48,0.9601082527412955
0.56,0.64,2.48,2.56,0.9647510984646633
0.56,0.64,2.56,2.64,0.9634676619173925
0.56,0.64,2.64,2.72,0.9650674990103788
0.56,0.64,2.72,2.8,0.9738984154547426
0.56,0.64,2.8,2.88,0.9727679287662443
0.56,0.64,2.88,2.96,0.9757774526021122
0.56,0.64,2.96,3.04,0.9776250011857446
0.56,0.64,3.04,3.12,0.9752853342486915
0.56,0.64,3.12,3.2,0.9806164269686242
0.56,0.64,3.2,3.28,0.9788972042992533
0.56,0.64,3.28,3.36,0.9816215117700519
0.56,0.64,3.36,3.44,0.9810144261618151
0.56,0.64,3.44,3.52,0.9831056016130454
0.56,0.64,3.52,3.6,0.984410481124042
0.56,0.64,3.6,3.68,0.9847835272245852
0.56,0.64,3.68,3.76,0.9863230478803666
0.56,0.64,3.76,3.84,0.9880710013996693
0.56,0.64,3.84,3.92,0.9878916653761947
0.56,0.64,3.92,4.0,0.9887704220908378
0.56,0.64,4.0,4.08,0.9894209022735388
0.56,0.64,4.08,4.16,0.9889129736091072
0.56,0.64,4.16,4.24,0.9907026746235809
0.56,0.64,4.24,4.32,0.9902809658017839
0.56,0.64,4.32,4.4,0.9909016531547463
0.56,0.64,4.4,4.48,0.9914526851880092
0.56,0.64,4.48,4.56,0.9923625410287252
0.56,0.64,4.56,4.64,0.9917091225292918
0.56,0.64,4.64,4.72,0.9918597001790561
0.56,0.64,4.72,4.8,0.9927132894574645
0.56,0.64,4.8,4.88,0.9938183564509107
0.56,0.64,4.88,4.96,0.9935221365966116
0.56,0.64,4.96,5.04,0.994241207789934
0.56,0.64,5.04,5.12,0.9938549068121956
0.56,0.64,5.12,5.2,0.994901810268585
0.56,0.64,5.2,5.28,0.9949513252587793
0.64,0.72,0.0,0.08,0.0
0.64,0.72,0.08,0.16,0.0
0.64,0.72,0.16,0.24,0.0
0.64,0.72,0.24,0.32,0.0
0.64,0.72,0.32,0.4,0.0
0.64,0.72,0.4,0.48,0.0
0.64,0.72,0.48,0.56,0.0
0.64,0.72,0.56,0.64,0.0
0.64,0.72,0.64,0.72,0.0
0.64,0.72,0.72,0.8,0.0
0.64,0.72,0.8,0.88,0.0
0.64,0.72,0.88,0.96,0.0
0.64,0.72,0.96,1.04,0.0
0.64,0.72,1.04,1.12,0.22739120248346942
0.64,0.72,1.12,1.2,0.6574470901659701
0.64,0.72,1.2,1.28,0.6816336799731634
0.64,0.72,1.28,1.36,0.7798598507157714
0.64,0.72,1.36,1.44,0.8251348282713599
0.64,0.72,1.44,1.52,0.875940249787113
0.64,0.72,1.52,1.6,0.8735077056652922
0.64,0.72,1.6,1.68,0.9076170980687907
0.64,0.72,1.68,1.76,0.9196465085669963
0.64,0.72,1.76,1.84,0.9370567264994684
0.64,0.72,1.84,1.92,0.940407416369246
0.64,0.72,1.92,2.0,0.9428562544052407
0.64,0.72,2.0,2.08,0.9528439049976527
0.64,0.72,2.08,2.16,0.9543192213359257
0.64,0.72,2.16,2.24,0.9544410262865956
0.64,0.72,2.24,2.32,0.9654906935098763
0.64,0.72,2.32,2.4,0.9648187096205434
0.64,0.72,2.4,2.48,0.9648984469811311
0.64,0.72,2.48,2.56,0.9695700016126125
0.64,0.72,2.56,2.64,0.9736564064068463
0.64,0.72,2.64,2.72,0.9757380073800739
0.64,0.72,2.72,2.8,0.9779528829771056
0.64,0.72,2.8,2.88,0.98162837560579
0.64,0.72,2.88,2.96,0.9791155579539985
0.64,0.72,2.96,3.04,0.9806418394266462
0.64,0.72,3.04,3.12,0.9825044202904998
0.64,0.72,3.12,3.2,0.9833361718232567
0.64,0.72,3.2,3.28,0.9847772263649295
0.64,0.72,3.28,3.36,0.9846593971557693
0.64,0.72,3.36,3.44,0.9863749976916902
0.64,0.72,3.44,3.52,0.9866798667986679
0.64,0.72,3.52,3.6,0.98684327329878
0.64,0.72,3.6,3.68,0.9885010079747063
0.64,0.72,3.68,3.76,0.9876621735962582
0.64,0.72,3.76,3.84,0.9899457642612682
0.64,0.72,3.84,3.92,0.9890844213010659
0.64,0.72,3.92,4.0,0.9898679883198538
0.64,0.72,4.0,4.08,0.9901568133328392
0.64,0.72,4.08,4.16,0.9913298295578908
0.64,0.72,4.16,4.24,0.9914783054713139
0.64,0.72,4.24,4.32,0.991480442804428
0.64,0.72,4.32,4.4,0.9916980368011967
0.64,0.72,4.4,4.48,0.9928985363679143
0.64,0.72,4.48,4.56,0.9921578595187358
0.64,0.72,4.56,4.64,0.9939100283101386
0.64,0.72,4.64,4.72,0.9929754135568037
0.64,0.72,4.72,4.8,0.9941797608530164
0.64,0.72,4.8,4.88,0.9936374561827354
0.64,0.72,4.88,4.96,0.9949555340495864
0.64,0.72,4.96,5.04,0.9941374890848146
0.64,0.72,5.04,5.12,0.9953198797444004
0.64,0.72,5.12,5.2,0.9948152646083422
0.64,0.72,5.2,5.28,0.9943260852765594
0.72,0.8,0.0,0.08,0.0
0.72,0.8,0.08,0.16,0.0
0.72,0.8,0.16,0.24,0.0
0.72,0.8,0.24,0.32,0.0
0.72,0.8,0.32,0.4,0.0
0.72,0.8,0.4,0.48,0.0
0.72,0.8,0.48,0.56,0.0
0.72,0.8,0.56,0.64,0.0
0.72,0.8,0.64,0.72,0.0
0.72,0.8,0.72,0.8,0.0
0.72,0.8,0.8,0.88,0.0
0.72,0.8,0.88,0.96,0.0
0.72,0.8,0.96,1.04,0.14047299563904636
0.72,0.8,1.04,1.12,0.6460297936312684
0.72,0.8,1.12,1.2,0.7770354719676222
0.72,0.8,1.2,1.28,0.8196389634350886
0.72,0.8,1.28,1.36,0.876953213976584
0.72,0.8,1.36,1.44,0.8581642066420662
0.72,0.8,1.44,1.52,0.8876334781046924
0.72,0.8,1.52,1.6,0.9161307327358986
0.72,0.8,1.6,1.68,0.9348889237506051
0.72,0.8,1.68,1.76,0.94880073800738
0.72,0.8,1.76,1.84,0.9453081903823392
0.72,0.8,1.84,1.92,0.9556727066666071
0.72,0.8,1.92,2.0,0.9573759838583605
0.72,0.8,2.0,2.08,0.9616254075162111
0.72,0.8,2.08,2.16,0.968716614341987
0.72,0.8,2.16,2.24,0.967309391403773
0.72,0.8,2.24,2.32,0.9693562935629358
0.72,0.8,2.32,2.4,0.9732092870490409
0.72,0.8,2.4,2.48,0.9731718523410914
0.72,0.8,2.48,2.56,0.9735219502930323
0.72,0.8,2.56,2.64,0.9782445850042483
0.72,0.8,2.64,2.72,0.9798028460611635
0.72,0.8,2.72,2.8,0.9819947585526936
0.72,0.8,2.8,2.88,0.9827183868346929
0.72,0.8,2.88,2.96,0.9837406248249034
0.72,0.8,2.96,3.04,0.9841048042833371
0.72,0.8,3.04,3.12,0.9825443092366096
0.72,0.8,3.12,3.2,0.9859760246416541
0.72,0.8,3.2,3.28,0.9877062879183788
0.72,0.8,3.28,3.36,0.9873725420457606
0.72,0.8,3.36,3.44,0.9884064275208186
0.72,0.8,3.44,3.52,0.9874002481295183
0.72,0.8,3.52,3.6,0.9889846410056063
0.72,0.8,3.6,3.68,0.9899683516243665
0.72,0.8,3.68,3.76,0.9909472030902979
0.72,0.8,3.76,3.84,0.9908001326107012
0.72,0.8,3.84,3.92,0.9910333035410062
0.72,0.8,3.92,4.0,0.98983076727319
0.72,0.8,4.0,4.08,0.9936550771391599
0.72,0.8,4.08,4.16,0.9898084234902066
0.72,0.8,4.16,4.24,0.9924576023253842
0.72,0.8,4.24,4.32,0.9925049547231377
0.72,0.8,4.32,4.4,0.9931564078733057
0.72,0.8,4.4,4.48,0.9934235010761145
0.72,0.8,4.48,4.56,0.9932925662032142
0.72,0.8,4.56,4.64,0.9941316047448965
0.72,0.8,4.64,4.72,0.9940035811219977
0.72,0.8,4.72,4.8,0.9940286965512024
0.72,0.8,4.8,4.88,0.9945913044627316
0.72,0.8,4.88,4.96,0.9947619846145939
0.72,0.8,4.96,5.04,0.9945918778159291
0.72,0.8,5.04,5.12,0.995880519150019
0.72,0.8,5.12,5.2,0.9961120414040368
0.72,0.8,5.2,5.28,0.9964078985354821
0.8,0.88,0.0,0.08,0.0
0.8,0.88,0.08,0.16,0.0
0.8,0.88,0.16,0.24,0.0
0.8,0.88,0.24,0.32,0.0
0.8,0.88,0.32,0.4,0.0
0.8,0.88,0.4,0.48,0.0
0.8,0.88,0.48,0.56,0.0
0.8,0.88,0.56,0.64,0.0
0.8,0.88,0.64,0.72,0.0
0.8,0.88,0.72,0.8,0.0
0.8,0.88,0.8,0.88,0.0
0.8,0.88,0.88,0.96,0.0
0.8,0.88,0.96,1.04,0.5172641012124404
0.8,0.88,1.04,1.12,0.7696033210332097
0.8,0.88,1.12,1.2,0.8420137058513443
0.8,0.88,1.2,1.28,0.8862238622386223
0.8,0.88,1.28,1.36,0.8702952029520293
0.8,0.88,1.36,1.44,0.9110881108811087
0.8,0.88,1.44,1.52,0.9371868479068176
0.8,0.88,1.52,1.6,0.9418401132651809
0.8,0.88,1.6,1.68,0.9345093450934508
0.8,0.88,1.68,1.76,0.9418882518344633
0.8,0.88,1.76,1.84,0.9480587197176319
0.8,0.88,1.84,1.92,0.9555206411439114
0.8,0.88,1.92,2.0,0.9635015162032808
0.8,0.88,2.0,2.08,0.9673630202437482
0.8,0.88,2.08,2.16,0.974551846110177
0.8,0.88,2.16,2.24,0.9702449178800406
0.8,0.88,2.24,2.32,0.9712436188268273
0.8,0.88,2.32,2.4,0.9773029699606457
0.8,0.88,2.4,2.48,0.9769085754621151
0.8,0.88,2.48,2.56,0.9809458294445109
0.8,0.88,2.56,2.64,0.9800852525766636
0.8,0.88,2.64,2.72,0.9800355079022487
0.8,0.88,2.72,2.8,0.9826830446812983
0.8,0.88,2.8,2.88,0.9855331003641162
0.8,0.88,2.88,2.96,0.984930620895376
0.8,0.88,2.96,3.04,0.9880287715920638
0.8,0.88,3.04,3.12,0.9870605501509555
0.8,0.88,3.12,3.2,0.989271704897628
0.8,0.88,3.2,3.28,0.9881508478605514
0.8,0.88,3.28,3.36,0.989764145981952
0.8,0.88,3.36,3.44,0.9895519726198412
0.8,0.88,3.44,3.52,0.9895188550560027
0.8,0.88,3.52,3.6,0.9903321033210333
0.8,0.88,3.6,3.68,0.9903524771305905
0.8,0.88,3.68,3.76,0.9919660272016991
0.8,0.88,3.76,3.84,0.9921725016261693
0.8,0.88,3.84,3.92,0.9915633920490149
0.8,0.88,3.92,4.0,0.9906505695491737
0.8,0.88,4.0,4.08,0.9933139787280225
0.8,0.88,4.08,4.16,0.9938049644813628
0.8,0.88,4.16,4.24,0.993050913403133
0.8,0.88,4.24,4.32,0.9942624040305582
0.8,0.88,4.32,4.4,0.9936518435265215
0.8,0.88,4.4,4.48,0.9932639998041771
0.8,0.88,4.48,4.56,0.9947501672244031
0.8,0.88,4.56,4.64,0.9945524093112935
0.8,0.88,4.64,4.72,0.9943376526788523
0.8,0.88,4.72,4.8,0.9952246581289341
0.8,0.88,4.8,4.88,0.9933455599177774
0.8,0.88,4.88,4.96,0.9945749126365437
0.8,0.88,4.96,5.04,0.9952012785433976
0.8,0.88,5.04,5.12,0.9959471526077988
0.8,0.88,5.12,5.2,0.9962195967024893
0.8,0.88,5.2,5.28,0.9966170754462866
0.88,0.96,0.0,0.08,0.0
0.88,0.96,0.08,0.16,0.0
0.88,0.96,0.16,0.24,0.0
0.88,0.96,0.24,0.32,0.0
0.88,0.96,0.32,0.4,0.0
0.88,0.96,0.4,0.48,0.0
0.88,0.96,0.48,0.56,0.0
0.88,0.96,0.56,0.64,0.0
0.88,0.96,0.64,0.72,0.0
0.88,0.96,0.72,0.8,0.0
0.88,0.96,0.8,0.88,0.0
0.88,0.96,0.88,0.96,0.0
0.88,0.96,0.96,1.04,0.6586715867158671
0.88,0.96,1.04,1.12,0.7229216409811157
0.88,0.96,1.12,1.2,0.9150841508415084
0.88,0.96,1.2,1.28,0.9221194324619302
0.88,0.96,1.28,1.36,0.9089790897908978
0.88,0.96,1.36,1.44,0.9312360276887439
0.88,0.96,1.44,1.52,0.9161203580120906
0.88,0.96,1.52,1.6,0.9475913066217277
0.88,0.96,1.6,1.68,0.9499835592415329
0.88,0.96,1.68,1.76,0.9566247539150994
0.88,0.96,1.76,1.84,0.9598152364502367
0.88,0.96,1.84,1.92,0.964602979363127
0.88,0.96,1.92,2.0,0.9627312792562555
0.88,0.96,2.0,2.08,0.9750792983748869
0.88,0.96,2.08,2.16,0.9725164134758231
0.88,0.96,2.16,2.24,0.97519843903475
0.88,0.96,2.24,2.32,0.9754610480035372
0.88,0.96,2.32,2.4,0.9812509744815757
0.88,0.96,2.4,2.48,0.980818441107779
0.88,0.96,2.48,2.56,0.9775634206094943
0.88,0.96,2.56,2.64,0.9831046382938773
0.88,0.96,2.64,2.72,0.9836040910446168
0.88,0.96,2.72,2.8,0.9824780075316153
0.88,0.96,2.8,2.88,0.9842463809253474
0.88,0.96,2.88,2.96,0.9871775031985406
0.88,0.96,2.96,3.04,0.9869931173847388
0.88,0.96,3.04,3.12,0.9869794980277388
0.88,0.96,3.12,3.2,0.9882733796663121
0.88,0.96,3.2,3.28,0.9885731324845716
0.88,0.96,3.28,3.36,0.9881555834836647
0.88,0.96,3.36,3.44,0.989131674888507
0.88,0.96,3.44,3.52,0.9882228212097749
0.88,0.96,3.52,3.6,0.9908901227592255
0.88,0.96,3.6,3.68,0.9928042095265011
0.88,0.96,3.68,3.76,0.9907670199904485
0.88,0.96,3.76,3.84,0.9914538409420514
0.88,0.96,3.84,3.92,0.992333800343351
0.88,0.96,3.92,4.0,0.9927192883333268
0.88,0.96,4.0,4.08,0.992404600806811
0.88,0.96,4.08,4.16,0.9938650497242097
0.88,0.96,4.16,4.24,0.9922430383254949
0.88,0.96,4.24,4.32,0.9941763872615029
0.88,0.96,4.32,4.4,0.9948004557798672
0.88,0.96,4.4,4.48,0.9944818921551125
0.88,0.96,4.48,4.56,0.9935602422649384
0.88,0.96,4.56,4.64,0.9941078983775908
0.88,0.96,4.64,4.72,0.9946027132306462
0.88,0.96,4.72,4.8,0.9950996912945494
0.88,0.96,4.8,4.88,0.995651610895348
0.88,0.96,4.88,4.96,0.9940831041565134
0.88,0.96,4.96,5.04,0.9957906401787395
0.88,0.96,5.04,5.12,0.9957946035156554
0.88,0.96,5.12,5.2,0.9955633221843484
0.88,0.96,5.2,5.28,0.9966356518403893
0.96,1.04,0.0,0.08,0.0
0.96,1.04,0.08,0.16,0.0
0.96,1.04,0.16,0.24,0.0
0.96,1.04,0.24,0.32,0.0
0.96,1.04,0.32,0.4,0.0
0.96,1.04,0.4,0.48,0.0
0.96,1.04,0.48,0.56,0.0
0.96,1.04,0.56,0.64,0.0
0.96,1.04,0.64,0.72,0.0
0.96,1.04,0.72,0.8,0.0
0.96,1.04,0.8,0.88,0.0
0.96,1.04,0.88,0.96,0.0
0.96,1.04,0.96,1.04,0.0
0.96,1.04,1.04,1.12,1.0
0.96,1.04,1.12,1.2,0.8582174283281294
0.96,1.04,1.2,1.28,0.89760147601476
0.96,1.04,1.28,1.36,0.9212319046267387
0.96,1.04,1.36,1.44,0.9107294919103037
0.96,1.04,1.44,1.52,0.9165641656416563
0.96,1.04,1.52,1.6,0.9481983937486437
0.96,1.04,1.6,1.68,0.9567765024383912
0.96,1.04,1.68,1.76,0.9642880592506992
0.96,1.04,1.76,1.84,0.9654483508025266
0.96,1.04,1.84,1.92,0.9731941036687853
0.96,1.04,1.92,2.0,0.971702515620004
0.96,1.04,2.0,2.08,0.966756391010804
0.96,1.04,2.08,2.16,0.9827611912482761
0.96,1.04,2.16,2.24,0.9784079789679685
0.96,1.04,2.24,2.32,0.977931352589388
0.96,1.04,2.32,2.4,0.9835409949966316
0.96,1.04,2.4,2.48,0.9835686089419035
0.96,1.04,2.48,2.56,0.9816531200026446
0.96,1.04,2.56,2.64,0.9820389685751695
0.96,1.04,2.64,2.72,0.9858026309899148
0.96,1.04,2.72,2.8,0.9846357024911818
0.96,1.04,2.8,2.88,0.9875880576987589
0.96,1.04,2.88,2.96,0.9886142767343566
0.96,1.04,2.96,3.04,0.987346320743261
0.96,1.04,3.04,3.12,0.9875530616208419
0.96,1.04,3.12,3.2,0.9889789879566447
0.96,1.04,3.2,3.28,0.9902592126332301
0.96,1.04,3.28,3.36,0.9916292360012066
0.96,1.04,3.36,3.44,0.9890819021275834
0.96,1.04,3.44,3.52,0.9872066851699497
0.96,1.04,3.52,3.6,0.9900871688357601
0.96,1.04,3.6,3.68,0.9911293180728419
0.96,1.04,3.68,3.76,0.9920945735342912
0.96,1.04,3.76,3.84,0.9920301979582977
0.96,1.04,3.84,3.92,0.9910346356682451
0.96,1.04,3.92,4.0,0.991644347288026
0.96,1.04,4.0,4.08,0.9922218494912223
0.96,1.04,4.08,4.16,0.9942640669010239
0.96,1.04,4.16,4.24,0.9943001981237438
0.96,1.04,4.24,4.32,0.9936049078323741
0.96,1.04,4.32,4.4,0.993561304931231
0.96,1.04,4.4,4.48,0.9938931657687184
0.96,1.04,4.48,4.56,0.994103455781749
0.96,1.04,4.56,4.64,0.9940101141958496
0.96,1.04,4.64,4.72,0.9944762831035615
0.96,1.04,4.72,4.8,0.9956765806696715
0.96,1.04,4.8,4.88,0.9949577792573877
0.96,1.04,4.88,4.96,0.995192244064599
0.96,1.04,4.96,5.04,0.9954144882245662
0.96,1.04,5.04,5.12,0.995938126367828
0.96,1.04,5.12,5.2,0.9963513557933336
0.96,1.04,5.2,5.28,0.9958876094785044
1.04,1.12,0.0,0.08,0.0
1.04,1.12,0.08,0.16,0.0
1.04,1.12,0.16,0.24,0.0
1.04,1.12,0.24,0.32,0.0
1.04,1.12,0.32,0.4,0.0
1.04,1.12,0.4,0.48,0.0
1.04,1.12,0.48,0.56,0.0
1.04,1.12,0.56,0.64,0.0
1.04,1.12,0.64,0.72,0.0
1.04,1.12,0.72,0.8,0.0
1.04,1.12,0.8,0.88,0.0
1.04,1.12,0.88,0.96,0.0
1.04,1.12,0.96,1.04,0.0
1.04,1.12,1.04,1.12,0.0
1.04,1.12,1.12,1.2,1.0
1.04,1.12,1.2,1.28,0.891578033427393
1.04,1.12,1.28,1.36,0.8976014760147604
1.04,1.12,1.36,1.44,0.9232011070110702
1.04,1.12,1.44,1.52,0.9481180811808118
1.04,1.12,1.52,1.6,0.95336304848197
1.04,1.12,1.6,1.68,0.9673511952510829
1.04,1.12,1.68,1.76,0.9679358157217935
1.04,1.12,1.76,1.84,0.9642275898741519
1.04,1.12,1.84,1.92,0.9689919962579908
1.04,1.12,1.92,2.0,0.9748958457326509
1.04,1.12,2.0,2.08,0.9728385878023236
1.04,1.12,2.08,2.16,0.9775502117437281
1.04,1.12,2.16,2.24,0.9783387737723533
1.04,1.12,2.24,2.32,0.9824031786935785
1.04,1.12,2.32,2.4,0.9802763677717033
1.04,1.12,2.4,2.48,0.9803579700112939
1.04,1.12,2.48,2.56,0.9788140984858126
1.04,1.12,2.56,2.64,0.9836844206729819
1.04,1.12,2.64,2.72,0.9843701467317703
1.04,1.12,2.72,2.8,0.9860365649111036
1.04,1.12,2.8,2.88,0.985278465159538
1.04,1.12,2.88,2.96,0.9864064841521777
1.04,1.12,2.96,3.04,0.9887267680016252
1.04,1.12,3.04,3.12,0.9880989608927565
1.04,1.12,3.12,3.2,0.9889621401676507
1.04,1.12,3.2,3.28,0.9892732076872801
1.04,1.12,3.28,3.36,0.9896357769245708
1.04,1.12,3.36,3.44,0.9887361623616236
1.04,1.12,3.44,3.52,0.9910519443655976
1.04,1.12,3.52,3.6,0.9911008715576003
1.04,1.12,3.6,3.68,0.9928220092715714
1.04,1.12,3.68,3.76,0.9904053079303007
1.04,1.12,3.76,3.84,0.9935472004513434
1.04,1.12,3.84,3.92,0.9920652443405257
1.04,1.12,3.92,4.0,0.9905105859569234
1.04,1.12,4.0,4.08,0.9922645118802462
1.04,1.12,4.08,4.16,0.9920101600119142
1.04,1.12,4.16,4.24,0.9925463812697052
1.04,1.12,4.24,4.32,0.9942137820350806
1.04,1.12,4.32,4.4,0.9932246234681139
1.04,1.12,4.4,4.48,0.9950532114016792
1.04,1.12,4.48,4.56,0.9941089143212646
1.04,1.12,4.56,4.64,0.9951489052987648
1.04,1.12,4.64,4.72,0.9946624666727822
1.04,1.12,4.72,4.8,0.9947508025195018
1.04,1.12,4.8,4.88,0.9957595703257647
1.04,1.12,4.88,4.96,0.994769115647813
1.04,1.12,4.96,5.04,0.9955685337378877
1.04,1.12,5.04,5.12,0.9966200037094143
1.04,1.12,5.12,5.2,0.9966956105204617
1.04,1.12,5.2,5.28,0.9958238106971233
1.12,1.2,0.0,0.08,0.0
1.12,1.2,0.08,0.16,0.0
1.12,1.2,0.16,0.24,0.0
1.12,1.2,0.24,0.32,0.0
1.12,1.2,0.32,0.4,0.0
1.12,1.2,0.4,0.48,0.0
1.12,1.2,0.48,0.56,0.0
1.12,1.2,0.56,0.64,0.0
1.12,1.2,0.64,0.72,0.0
1.12,1.2,0.72,0.8,0.0
1.12,1.2,0.8,0.88,0.0
1.12,1.2,0.88,0.96,0.0
1.12,1.2,0.96,1.04,0.0
1.12,1.2,1.04,1.12,0.0
1.12,1.2,1.12,1.2,0.0
1.12,1.2,1.2,1.28,1.0
1.12,1.2,1.28,1.36,1.0000000000000002
1.12,1.2,1.36,1.44,0.8976014760147601
1.12,1.2,1.44,1.52,0.9674186514592417
1.12,1.2,1.52,1.6,0.9425131093416197
1.12,1.2,1.6,1.68,0.9720731298222074
1.12,1.2,1.68,1.76,0.970509225092251
1.12,1.2,1.76,1.84,0.9620746207462074
1.12,1.2,1.84,1.92,0.9700297002970031
1.12,1.2,1.92,2.0,0.9699073725431131
1.12,1.2,2.0,2.08,0.9705327988531683
1.12,1.2,2.08,2.16,0.972939729397294
1.12,1.2,2.16,2.24,0.9799319475606816
1.12,1.2,2.24,2.32,0.9814277186889516
1.12,1.2,2.32,2.4,0.9866827930142218
1.12,1.2,2.4,2.48,0.9856347394409197
1.12,1.2,2.48,2.56,0.9858641768235863
1.12,1.2,2.56,2.64,0.9868719841044564
1.12,1.2,2.64,2.72,0.9825641762911136
1.12,1.2,2.72,2.8,0.984633597953056
1.12,1.2,2.8,2.88,0.9887328484935334
1.12,1.2,2.88,2.96,0.9832288461292916
1.12,1.2,2.96,3.04,0.9892744629027317
1.12,1.2,3.04,3.12,0.9871491892209757
1.12,1.2,3.12,3.2,0.987200184501845
1.12,1.2,3.2,3.28,0.9888171131100068
1.12,1.2,3.28,3.36,0.9897111530923921
1.12,1.2,3.36,3.44,0.9888001614391145
1.12,1.2,3.44,3.52,0.9894480476009405
1.12,1.2,3.52,3.6,0.9894620340922433
1.12,1.2,3.6,3.68,0.9896607315587718
1.12,1.2,3.68,3.76,0.9920552869321795
1.12,1.2,3.76,3.84,0.9936506690294867
1.12,1.2,3.84,3.92,0.9926166548899531
1.12,1.2,3.92,4.0,0.9910702377247524
1.12,1.2,4.0,4.08,0.9920547757880589
1.12,1.2,4.08,4.16,0.9912731750449767
1.12,1.2,4.16,4.24,0.9941456145330684
1.12,1.2,4.24,4.32,0.9925851145303907
1.12,1.2,4.32,4.4,0.9924927768339269
1.12,1.2,4.4,4.48,0.9938683518571712
1.12,1.2,4.48,4.56,0.9926562674717656
1.12,1.2,4.56,4.64,0.9938261841403152
1.12,1.2,4.64,4.72,0.9948897158463109
1.12,1.2,4.72,4.8,0.9947027091518028
1.12,1.2,4.8,4.88,0.9951413412970297
1.12,1.2,4.88,4.96,0.9939141804745377
1.12,1.2,4.96,5.04,0.9957428300510338
1.12,1.2,5.04,5.12,0.9965671425571777
1.12,1.2,5.12,5.2,0.9953516165454102
1.12,1.2,5.2,5.28,0.9962764173096277
1.2,1.28,0.0,0.08,0.0
1.2,1.28,0.08,0.16,0.0
1.2,1.28,0.16,0.24,0.0
1.2,1.28,0.24,0.32,0.0
1.2,1.28,0.32,0.4,0.0
1.2,1.28,0.4,0.48,0.0
1.2,1.28,0.48,0.56,0.0
1.2,1.28,0.56,0.64,0.0
1.2,1.28,0.64,0.72,0.0
1.2,1.28,0.72,0.8,0.0
1.2,1.28,0.8,0.88,0.0
1.2,1.28,0.88,0.96,0.0
1.2,1.28,0.96,1.04,0.0
1.2,1.28,1.04,1.12,0.0
1.2,1.28,1.12,1.2,0.0
1.2,1.28,1.2,1.28,1.0
1.2,1.28,1.28,1.36,1.0
1.2,1.28,1.36,1.44,1.0
1.2,1.28,1.44,1.52,0.9397655741263294
1.2,1.28,1.52,1.6,0.9658671586715868
1.2,1.28,1.6,1.68,0.9613590475527397
1.2,1.28,1.68,1.76,0.9650346503465034
1.2,1.28,1.76,1.84,0.9493512677062255
1.2,1.28,1.84,1.92,0.9661025575772998
1.2,1.28,1.92,2.0,0.9784424160031072
1.2,1.28,2.0,2.08,0.9755027454580767
1.2,1.28,2.08,2.16,0.9727523240897644
1.2,1.28,2.16,2.24,0.9834445500143625
1.2,1.28,2.24,2.32,0.9812220471774918
1.2,1.28,2.32,2.4,0.9786563870601485
1.2,1.28,2.4,2.48,0.9823599181369964
1.2,1.28,2.48,2.56,0.977040689689408
1.2,1.28,2.56,2.64,0.9804765460105964
1.2,1.28,2.64,2.72,0.9826826025613197
1.2,1.28,2.72,2.8,0.988812300869594
1.2,1.28,2.8,2.88,0.9867967519216739
1.2,1.28,2.88,2.96,0.9879708048181804
1.2,1.28,2.96,3.04,0.9857404216299066
1.2,1.28,3.04,3.12,0.9866236162361623
1.2,1.28,3.12,3.2,0.9878317967469705
1.2,1.28,3.2,3.28,0.9864596993077368
1.2,1.28,3.28,3.36,0.9884649884048248
1.2,1.28,3.36,3.44,0.9894194169612449
1.2,1.28,3.44,3.52,0.9899251664272368
1.2,1.28,3.52,3.6,0.9912926425182618
1.2,1.28,3.6,3.68,0.9899251664272368
1.2,1.28,3.68,3.76,0.9899076511614244
1.2,1.28,3.76,3.84,0.9903438408064587
1.2,1.28,3.84,3.92,0.9914354866219242
1.2,1.28,3.92,4.0,0.991723954910782
1.2,1.28,4.0,4.08,0.9930293720908618
1.2,1.28,4.08,4.16,0.990241305457396
1.2,1.28,4.16,4.24,0.9928051225305227
1.2,1.28,4.24,4.32,0.9926397025634823
1.2,1.28,4.32,4.4,0.9949067246600748
1.2,1.28,4.4,4.48,0.9949037771627717
1.2,1.28,4.48,4.56,0.99315796951854
1.2,1.28,4.56,4.64,0.9934271217712177
1.2,1.28,4.64,4.72,0.9952009411102286
1.2,1.28,4.72,4.8,0.9941112669912642
1.2,1.28,4.8,4.88,0.9961656940357949
1.2,1.28,4.88,4.96,0.9937417129703436
1.2,1.28,4.96,5.04,0.9937608595754585
1.2,1.28,5.04,5.12,0.9959988237414509
1.2,1.28,5.12,5.2,0.9954630226364087
1.2,1.28,5.2,5.28,0.9966515250595542
1.28,1.36,0.0,0.08,0.0
1.28,1.36,0.08,0.16,0.0
1.28,1.36,0.16,0.24,0.0
1.28,1.36,0.24,0.32,0.0
1.28,1.36,0.32,0.4,0.0
1.28,1.36,0.4,0.48,0.0
1.28,1.36,0.48,0.56,0.0
1.28,1.36,0.56,0.64,0.0
1.28,1.36,0.64,0.72,0.0
1.28,1.36,0.72,0.8,0.0
1.28,1.36,0.8,0.88,0.0
1.28,1.36,0.88,0.96,0.0
1.28,1.36,0.96,1.04,0.0
1.28,1.36,1.04,1.12,0.0
1.28,1.36,1.12,1.2,0.0
1.28,1.36,1.2,1.28,0.0
1.28,1.36,1.28,1.36,1.0
1.28,1.36,1.36,1.44,1.0
1.28,1.36,1.44,1.52,1.0000000000000002
1.28,1.36,1.52,1.6,1.0
1.28,1.36,1.6,1.68,0.9578359018884306
1.28,1.36,1.68,1.76,0.9776585038577658
1.28,1.36,1.76,1.84,0.9688915876500537
1.28,1.36,1.84,1.92,0.9732873415690678
1.28,1.36,1.92,2.0,0.9816848168481686
1.28,1.36,2.0,2.08,0.9793615378014244
1.28,1.36,2.08,2.16,0.9775078386622016
1.28,1.36,2.16,2.24,0.9817317187256379
1.28,1.36,2.24,2.32,0.9849283557770647
1.28,1.36,2.32,2.4,0.9811072833975572
1.28,1.36,2.4,2.48,0.9854150470288086
1.28,1.36,2.48,2.56,0.9835098480854938
1.28,1.36,2.56,2.64,0.9808788996980878
1.28,1.36,2.64,2.72,0.9858287756984713
1.28,1.36,2.72,2.8,0.984426080002245
1.28,1.36,2.8,2.88,0.9847055027927327
1.28,1.36,2.88,2.96,0.9876977038321619
1.28,1.36,2.96,3.04,0.9853478534785348
1.28,1.36,3.04,3.12,0.9859255885686488
1.28,1.36,3.12,3.2,0.9851596342050377
1.28,1.36,3.2,3.28,0.9839881248749436
1.28,1.36,3.28,3.36,0.9881202216814098
1.28,1.36,3.36,3.44,0.9896683103602335
1.28,1.36,3.44,3.52,0.9879793037060806
1.28,1.36,3.52,3.6,0.9900870635894825
1.28,1.36,3.6,3.68,0.9919159060011654
1.28,1.36,3.68,3.76,0.9875827579795867
1.28,1.36,3.76,3.84,0.9902643169046291
1.28,1.36,3.84,3.92,0.991185949834182
1.28,1.36,3.92,4.0,0.9896549436384773
1.28,1.36,4.0,4.08,0.9910814188787049
1.28,1.36,4.08,4.16,0.9932102752022124
1.28,1.36,4.16,4.24,0.9936781959348668
1.28,1.36,4.24,4.32,0.9919081626161089
1.28,1.36,4.32,4.4,0.9918708692657957
1.28,1.36,4.4,4.48,0.9910151712937743
1.28,1.36,4.48,4.56,0.9921750798535653
1.28,1.36,4.56,4.64,0.9916273757156779
1.28,1.36,4.64,4.72,0.9944474949163111
1.28,1.36,4.72,4.8,0.9932853426894924
1.28,1.36,4.8,4.88,0.9944544879957616
1.28,1.36,4.88,4.96,0.9935764763551695
1.28,1.36,4.96,5.04,0.9951299825889374
1.28,1.36,5.04,5.12,0.9943077557663793
1.28,1.36,5.12,5.2,0.9950359944867316
1.28,1.36,5.2,5.28,0.9956788346655846
1.36,1.44,0.0,0.08,0.0
1.36,1.44,0.08,0.16,0.0
1.36,1.44,0.16,0.24,0.0
1.36,1.44,0.24,0.32,0.0
1.36,1.44,0.32,0.4,0.0
1.36,1.44,0.4,0.48,0.0
1.36,1.44,0.48,0.56,0.0
1.36,1.44,0.56,0.64,0.0
1.36,1.44,0.64,0.72,0.0
1.36,1.44,0.72,0.8,0.0
1.36,1.44,0.8,0.88,0.0
1.36,1.44,0.88,0.96,0.0
1.36,1.44,0.96,1.04,0.0
1.36,1.44,1.04,1.12,0.0
1.36,1.44,1.12,1.2,0.0
1.36,1.44,1.2,1.28,0.0
1.36,1.44,1.28,1.36,0.0
1.36,1.44,1.36,1.44,0.0
1.36,1.44,1.44,1.52,1.0
1.36,1.44,1.52,1.6,1.0000000000000002
1.36,1.44,1.6,1.68,1.0
1.36,1.44,1.68,1.76,1.0
1.36,1.44,1.76,1.84,1.0
1.36,1.44,1.84,1.92,0.9636650398762052
1.36,1.44,1.92,2.0,0.9698827870631647
1.36,1.44,2.0,2.08,0.9829335793357933
1.36,1.44,2.08,2.16,0.9687332751190108
1.36,1.44,2.16,2.24,0.985458197777244
1.36,1.44,2.24,2.32,0.9786669741697415
1.36,1.44,2.32,2.4,0.9792234878870528
1.36,1.44,2.4,2.48,0.9760426094826986
1.36,1.44,2.48,2.56,0.9853716394306801
1.36,1.44,2.56,2.64,0.9870068338145618
1.36,1.44,2.64,2.72,0.9883638040925864
1.36,1.44,2.72,2.8,0.9880118801188011
1.36,1.44,2.8,2.88,0.9884686346863468
1.36,1.44,2.88,2.96,0.9831186815121948
1.36,1.44,2.96,3.04,0.9866862339751504
1.36,1.44,3.04,3.12,0.9850148501485013
1.36,1.44,3.12,3.2,0.9885097365825143
1.36,1.44,3.2,3.28,0.9902924946680659
1.36,1.44,3.28,3.36,0.9835675474139585
1.36,1.44,3.36,3.44,0.9858089002085673
1.36,1.44,3.44,3.52,0.9865841506008645
1.36,1.44,3.52,3.6,0.9917204522818117
1.36,1.44,3.6,3.68,0.9883448834488344
1.36,1.44,3.68,3.76,0.9893841702995864
1.36,1.44,3.76,3.84,0.989358371844588
1.36,1.44,3.84,3.92,0.9895865907811621
1.36,1.44,3.92,4.0,0.9907094041354615
1.36,1.44,4.0,4.08,0.9901836001442722
1.36,1.44,4.08,4.16,0.9918157313543396
1.36,1.44,4.16,4.24,0.9905757110668453
1.36,1.44,4.24,4.32,0.9919317173054378
1.36,1.44,4.32,4.4,0.9917093356980082
1.36,1.44,4.4,4.48,0.9911475922739278
1.36,1.44,4.48,4.56,0.9893870355707606
1.36,1.44,4.56,4.64,0.9928170692799915
1.36,1.44,4.64,4.72,0.9906414144110977
1.36,1.44,4.72,4.8,0.9928631331767862
1.36,1.44,4.8,4.88,0.9914667896678966
1.36,1.44,4.88,4.96,0.9956426160006281
1.36,1.44,4.96,5.04,0.99401615637778
1.36,1.44,5.04,5.12,0.9954149914633473
1.36,1.44,5.12,5.2,0.994136090251382
1.36,1.44,5.2,5.28,0.9957210991418272
1.44,1.52,0.0,0.08,0.0
1.44,1.52,0.08,0.16,0.0
1.44,1.52,0.16,0.24,0.0
1.44,1.52,0.24,0.32,0.0
1.44,1.52,0.32,0.4,0.0
1.44,1.52,0.4,0.48,0.0
1.44,1.52,0.48,0.56,0.0
1.44,1.52,0.56,0.64,0.0
1.44,1.52,0.64,0.72,0.0
1.44,1.52,0.72,0.8,0.0
1.44,1.52,0.8,0.88,0.0
1.44,1.52,0.88,0.96,0.0
1.44,1.52,0.96,1.04,0.0
1.44,1.52,1.04,1.12,0.0
1.44,1.52,1.12,1.2,0.0
1.44,1.52,1.2,1.28,0.0
1.44,1.52,1.28,1.36,0.0
1.44,1.52,1.36,1.44,0.0
1.44,1.52,1.44,1.52,0.0
1.44,1.52,1.52,1.6,1.0
1.44,1.52,1.6,1.68,1.0
1.44,1.52,1.68,1.76,1.0
1.44,1.52,1.76,1.84,1.0
1.44,1.52,1.84,1.92,1.0
1.44,1.52,1.92,2.0,1.0
1.44,1.52,2.0,2.08,0.9520006918819188
1.44,1.52,2.08,2.16,0.9611144845625671
1.44,1.52,2.16,2.24,0.9687928307854506
1.44,1.52,2.24,2.32,0.9688352318305793
1.44,1.52,2.32,2.4,0.9857944244182326
1.44,1.52,2.4,2.48,0.9833948339483395
1.44,1.52,2.48,2.56,0.9802128456067168
1.44,1.52,2.56,2.64,0.9854935424354244
1.44,1.52,2.64,2.72,0.9714934511982483
1.44,1.52,2.72,2.8,0.9849690240021666
1.44,1.52,2.8,2.88,0.9902750005153679
1.44,1.52,2.88,2.96,0.981103514277038
1.44,1.52,2.96,3.04,0.9846930041465364
1.44,1.52,3.04,3.12,0.9880035202025661
1.44,1.52,3.12,3.2,0.9896357769245709
1.44,1.52,3.2,3.28,0.9869360232063858
1.44,1.52,3.28,3.36,0.9870881020544005
1.44,1.52,3.36,3.44,0.9853716394306801
1.44,1.52,3.44,3.52,0.9864350905221491
1.44,1.52,3.52,3.6,0.98512293469148
1.44,1.52,3.6,3.68,0.9875340927322317
1.44,1.52,3.68,3.76,0.9889833312126224
1.44,1.52,3.76,3.84,0.9909406131594828
1.44,1.52,3.84,3.92,0.9888089044824875
1.44,1.52,3.92,4.0,0.9902727974648168
1.44,1.52,4.0,4.08,0.987393445363025
1.44,1.52,4.08,4.16,0.9871571840018513
1.44,1.52,4.16,4.24,0.9909026104723856
1.44,1.52,4.24,4.32,0.9932577103548813
1.44,1.52,4.32,4.4,0.9891498252730871
1.44,1.52,4.4,4.48,0.9921157943973807
1.44,1.52,4.48,4.56,0.9918157313543394
1.44,1.52,4.56,4.64,0.9911530686998046
1.44,1.52,4.64,4.72,0.992220435024863
1.44,1.52,4.72,4.8,0.9949298697231004
1.44,1.52,4.8,4.88,0.9922274730249508
1.44,1.52,4.88,4.96,0.9918451854201799
1.44,1.52,4.96,5.04,0.9922385270364331
1.44,1.52,5.04,5.12,0.9937042498815585
1.44,1.52,5.12,5.2,0.9948709147198807
1.44,1.52,5.2,5.28,0.994629448042732
1.52,1.6,0.0,0.08,0.0
1.52,1.6,0.08,0.16,0.0
1.52,1.6,0.16,0.24,0.0
1.52,1.6,0.24,0.32,0.0
1.52,1.6,0.32,0.4,0.0
1.52,1.6,0.4,0.48,0.0
1.52,1.6,0.48,0.56,0.0
1.52,1.6,0.56,0.64,0.0
1.52,1.6,0.64,0.72,0.0
1.52,1.6,0.72,0.8,0.0
1.52,1.6,0.8,0.88,0.0
1.52,1.6,0.88,0.96,0.0
1.52,1.6,0.96,1.04,0.0
1.52,1.6,1.04,1.12,0.0
1.52,1.6,1.12,1.2,0.0
1.52,1.6,1.2,1.28,0.0
1.52,1.6,1.28,1.36,0.0
1.52,1.6,1.36,1.44,0.0
1.52,1.6,1.44,1.52,0.0
1.52,1.6,1.52,1.6,0.0
1.52,1.6,1.6,1.68,0.0
1.52,1.6,1.68,1.76,1.0
1.52,1.6,1.76,1.84,1.0
1.52,1.6,1.84,1.92,0.9461060400077685
1.52,1.6,1.92,2.0,1.0
1.52,1.6,2.0,2.08,1.0
1.52,1.6,2.08,2.16,0.9737439682089128
1.52,1.6,2.16,2.24,0.9751761153975176
1.52,1.6,2.24,2.32,0.9840713407134072
1.52,1.6,2.32,2.4,0.9779449332954868
1.52,1.6,2.4,2.48,0.9846017257165054
1.52,1.6,2.48,2.56,0.978567750793787
1.52,1.6,2.56,2.64,0.9817719904947741
1.52,1.6,2.64,2.72,0.9844063161443797
1.52,1.6,2.72,2.8,0.9771292636784236
1.52,1.6,2.8,2.88,0.9776003228782286
1.52,1.6,2.88,2.96,0.9883560206839526
1.52,1.6,2.96,3.04,0.9818375706692847
1.52,1.6,3.04,3.12,0.9873378169265563
1.52,1.6,3.12,3.2,0.9873647065519499
1.52,1.6,3.2,3.28,0.9897357088129354
1.52,1.6,3.28,3.36,0.9839850649691331
1.52,1.6,3.36,3.44,0.9886977346594658
1.52,1.6,3.44,3.52,0.9888362511444662
1.52,1.6,3.52,3.6,0.9873358715919316
1.52,1.6,3.6,3.68,0.987841362643682
1.52,1.6,3.68,3.76,0.9863946017082548
1.52,1.6,3.76,3.84,0.9880047443331575
1.52,1.6,3.84,3.92,0.9897299415472031
1.52,1.6,3.92,4.0,0.9858760656572083
1.52,1.6,4.0,4.08,0.9864072755771806
1.52,1.6,4.08,4.16,0.9865566183594797
1.52,1.6,4.16,4.24,0.9905649056490564
1.52,1.6,4.24,4.32,0.9884621381425082
1.52,1.6,4.32,4.4,0.9915656299420137
1.52,1.6,4.4,4.48,0.9913794189136431
1.52,1.6,4.48,4.56,0.9913668691722045
1.52,1.6,4.56,4.64,0.9936000922509225
1.52,1.6,4.64,4.72,0.9922974561604023
1.52,1.6,4.72,4.8,0.9892692739636426
1.52,1.6,4.8,4.88,0.9916499057694438
1.52,1.6,4.88,4.96,0.9933590915407063
1.52,1.6,4.96,5.04,0.9930766537763523
1.52,1.6,5.04,5.12,0.9934210274745235
1.52,1.6,5.12,5.2,0.9932410215191261
1.52,1.6,5.2,5.28,0.9941293018222355
1.6,1.68,0.0,0.08,0.0
1.6,1.68,0.08,0.16,0.0
1.6,1.68,0.16,0.24,0.0
1.6,1.68,0.24,0.32,0.0
1.6,1.68,0.32,0.4,0.0
1.6,1.68,0.4,0.48,0.0
1.6,1.68,0.48,0.56,0.0
1.6,1.68,0.56,0.64,0.0
1.6,1.68,0.64,0.72,0.0
1.6,1.68,0.72,0.8,0.0
1.6,1.68,0.8,0.88,0.0
1.6,1.68,0.88,0.96,0.0
1.6,1.68,0.96,1.04,0.0
1.6,1.68,1.04,1.12,0.0
1.6,1.68,1.12,1.2,0.0
1.6,1.68,1.2,1.28,0.0
1.6,1.68,1.28,1.36,0.0
1.6,1.68,1.36,1.44,0.0
1.6,1.68,1.44,1.52,0.0
1.6,1.68,1.52,1.6,0.0
1.6,1.68,1.6,1.68,0.0
1.6,1.68,1.68,1.76,0.0
1.6,1.68,1.76,1.84,1.0
1.6,1.68,1.84,1.92,1.0
1.6,1.68,1.92,2.0,1.0
1.6,1.68,2.0,2.08,1.0
1.6,1.68,2.08,2.16,0.9632415554924779
1.6,1.68,2.16,2.24,1.0
1.6,1.68,2.24,2.32,0.9747942094805563
1.6,1.68,2.32,2.4,0.9769603321033211
1.6,1.68,2.4,2.48,0.966720479704797
1.6,1.68,2.48,2.56,0.9750247502475025
1.6,1.68,2.56,2.64,0.9643831220920904
1.6,1.68,2.64,2.72,0.9758385505203364
1.6,1.68,2.72,2.8,0.9868259208907879
1.6,1.68,2.8,2.88,0.9780574591460199
1.6,1.68,2.88,2.96,0.9858760656572083
1.6,1.68,2.96,3.04,0.9790166959046639
1.6,1.68,3.04,3.12,0.9796052732311555
1.6,1.68,3.12,3.2,0.9816388853543707
1.6,1.68,3.2,3.28,0.980841566480181
1.6,1.68,3.28,3.36,0.9854547551157329
1.6,1.68,3.36,3.44,0.9867014903915272
1.6,1.68,3.44,3.52,0.9849782116403071
1.6,1.68,3.52,3.6,0.985571117074807
1.6,1.68,3.6,3.68,0.9883739667090994
1.6,1.68,3.68,3.76,0.9885083820778089
1.6,1.68,3.76,3.84,0.9876115207276837
1.6,1.68,3.84,3.92,0.9853716394306801
1.6,1.68,3.92,4.0,0.9898726734520092
1.6,1.68,4.0,4.08,0.9885026218683239
1.6,1.68,4.08,4.16,0.9877680944044936
1.6,1.68,4.16,4.24,0.9835760141562138
1.6,1.68,4.24,4.32,0.9927644668151752
1.6,1.68,4.32,4.4,0.9880272495032641
1.6,1.68,4.4,4.48,0.9880432861214838
1.6,1.68,4.48,4.56,0.9902340818639602
1.6,1.68,4.56,4.64,0.9878485109018963
1.6,1.68,4.64,4.72,0.9918945759378438
1.6,1.68,4.72,4.8,0.989648236646301
1.6,1.68,4.8,4.88,0.9888103264768353
1.6,1.68,4.88,4.96,0.9921231904626737
1.6,1.68,4.96,5.04,0.9952372779541748
1.6,1.68,5.04,5.12,0.9915656299420137
1.6,1.68,5.12,5.2,0.9918292040063259
1.6,1.68,5.2,5.28,0.9911558629756337
1.68,1.76,0.0,0.08,0.0
1.68,1.76,0.08,0.16,0.0
1.68,1.76,0.16,0.24,0.0
1.68,1.76,0.24,0.32,0.0
1.68,1.76,0.32,0.4,0.0
1.68,1.76,0.4,0.48,0.0
1.68,1.76,0.48,0.56,0.0
1.68,1.76,0.56,0.64,0.0
1.68,1.76,0.64,0.72,0.0
1.68,1.76,0.72,0.8,0.0
1.68,1.76,0.8,0.88,0.0
1.68,1.76,0.88,0.96,0.0
1.68,1.76,0.96,1.04,0.0
1.68,1.76,1.04,1.12,0.0
1.68,1.76,1.12,1.2,0.0
1.68,1.76,1.2,1.28,0.0
1.68,1.76,1.28,1.36,0.0
1.68,1.76,1.36,1.44,0.0
1.68,1.76,1.44,1.52,0.0
1.68,1.76,1.52,1.6,0.0
1.68,1.76,1.6,1.68,0.0
1.68,1.76,1.68,1.76,0.0
1.68,1.76,1.76,1.84,0.0
1.68,1.76,1.84,1.92,1.0
1.68,1.76,1.92,2.0,1.0
1.68,1.76,2.0,2.08,1.0
1.68,1.76,2.08,2.16,1.0
1.68,1.76,2.16,2.24,0.9627641730962763
1.68,1.76,2.24,2.32,0.9650346503465033
1.68,1.76,2.32,2.4,1.0
1.68,1.76,2.4,2.48,0.9648005073800738
1.68,1.76,2.48,2.56,0.9777394513075565
1.68,1.76,2.56,2.64,0.9879531148252658
1.68,1.76,2.64,2.72,0.9717521313144166
1.68,1.76,2.72,2.8,0.9726937269372694
1.68,1.76,2.8,2.88,0.9833948339483395
1.68,1.76,2.88,2.96,0.9803079761566846
1.68,1.76,2.96,3.04,0.9819608817849838
1.68,1.76,3.04,3.12,0.9829335793357934
1.68,1.76,3.12,3.2,0.9847300446688678
1.68,1.76,3.2,3.28,0.9804178121462487
1.68,1.76,3.28,3.36,0.9787617876178762
1.68,1.76,3.36,3.44,0.9896217712177122
1.68,1.76,3.44,3.52,0.9835564414038301
1.68,1.76,3.52,3.6,0.9857944244182326
1.68,1.76,3.6,3.68,0.9826443179686034
1.68,1.76,3.68,3.76,0.9864192939011618
1.68,1.76,3.76,3.84,0.9842841593883564
1.68,1.76,3.84,3.92,0.9865391611662596
1.68,1.76,3.92,4.0,0.9869079512712936
1.68,1.76,4.0,4.08,0.9852476702733128
1.68,1.76,4.08,4.16,0.9835173402035832
1.68,1.76,4.16,4.24,0.9839301586446519
1.68,1.76,4.24,4.32,0.9836640487027439
1.68,1.76,4.32,4.4,0.988070074875506
1.68,1.76,4.4,4.48,0.9851442555876339
1.68,1.76,4.48,4.56,0.9902643169046291
1.68,1.76,4.56,4.64,0.9854728737598794
1.68,1.76,4.64,4.72,0.9875483394833947
1.68,1.76,4.72,4.8,0.9902786211406418
1.68,1.76,4.8,4.88,0.9901570411052948
1.68,1.76,4.88,4.96,0.9906120198723208
1.68,1.76,4.96,5.04,0.9905525171323143
1.68,1.76,5.04,5.12,0.9902477596204532
1.68,1.76,5.12,5.2,0.9915061132178142
1.68,1.76,5.2,5.28,0.9932043211834832
1.76,1.84,0.0,0.08,0.0
1.76,1.84,0.08,0.16,0.0
1.76,1.84,0.16,0.24,0.0
1.76,1.84,0.24,0.32,0.0
1.76,1.84,0.32,0.4,0.0
1.76,1.84,0.4,0.48,0.0
1.76,1.84,0.48,0.56,0.0
1.76,1.84,0.56,0.64,0.0
1.76,1.84,0.64,0.72,0.0
1.76,1.84,0.72,0.8,0.0
1.76,1.84,0.8,0.88,0.0
1.76,1.84,0.88,0.96,0.0
1.76,1.84,0.96,1.04,0.0
1.76,1.84,1.04,1.12,0.0
1.76,1.84,1.12,1.2,0.0
1.76,1.84,1.2,1.28,0.0
1.76,1.84,1.28,1.36,0.0
1.76,1.84,1.36,1.44,0.0
1.76,1.84,1.44,1.52,0.0
1.76,1.84,1.52,1.6,0.0
1.76,1.84,1.6,1.68,0.0
1.76,1.84,1.68,1.76,0.0
1.76,1.84,1.76,1.84,0.0
1.76,1.84,1.84,1.92,1.0
1.76,1.84,1.92,2.0,1.0
1.76,1.84,2.0,2.08,1.0
1.76,1.84,2.08,2.16,1.0
1.76,1.84,2.16,2.24,0.9268581971534001
1.76,1.84,2.24,2.32,1.0
1.76,1.84,2.32,2.4,0.9737439682089128
1.76,1.84,2.4,2.48,0.9732873415690678
1.76,1.84,2.48,2.56,1.0
1.76,1.84,2.56,2.64,0.9798087417493894
1.76,1.84,2.64,2.72,0.9693981422572847
1.76,1.84,2.72,2.8,0.9731074583473107
1.76,1.84,2.8,2.88,0.9840934331673413
1.76,1.84,2.88,2.96,0.9808002767527675
1.76,1.84,2.96,3.04,0.9767896678966792
1.76,1.84,3.04,3.12,0.9665364300701831
1.76,1.84,3.12,3.2,0.9796400595584904
1.76,1.84,3.2,3.28,0.9825047747964918
1.76,1.84,3.28,3.36,0.9870993985530405
1.76,1.84,3.36,3.44,0.9854935424354244
1.76,1.84,3.44,3.52,0.9805795902786614
1.76,1.84,3.52,3.6,0.9828715196242871
1.76,1.84,3.6,3.68,0.987200184501845
1.76,1.84,3.68,3.76,0.9834725189357161
1.76,1.84,3.76,3.84,0.9799091503573263
1.76,1.84,3.84,3.92,0.9792610584333691
1.76,1.84,3.92,4.0,0.9837554749485172
1.76,1.84,4.0,4.08,0.9833787903096423
1.76,1.84,4.08,4.16,0.9817145492883501
1.76,1.84,4.16,4.24,0.985096928434073
1.76,1.84,4.24,4.32,0.9885735552634496
1.76,1.84,4.32,4.4,0.9806410750674671
1.76,1.84,4.4,4.48,0.9865431097842806
1.76,1.84,4.48,4.56,0.9857222101632781
1.76,1.84,4.56,4.64,0.9808002767527675
1.76,1.84,4.64,4.72,0.9836339292118623
1.76,1.84,4.72,4.8,0.9885123512743831
1.76,1.84,4.8,4.88,0.98537163943068
1.76,1.84,4.88,4.96,0.9876130817759791
1.76,1.84,4.96,5.04,0.9923008628582526
1.76,1.84,5.04,5.12,0.9960057313339089
1.76,1.84,5.12,5.2,1.0
1.76,1.84,5.2,5.28,1.0
1.84,1.92,0.0,0.08,0.0
1.84,1.92,0.08,0.16,0.0
1.84,1.92,0.16,0.24,0.0
1.84,1.92,0.24,0.32,0.0
1.84,1.92,0.32,0.4,0.0
1.84,1.92,0.4,0.48,0.0
1.84,1.92,0.48,0.56,0.0
1.84,1.92,0.56,0.64,0.0
1.84,1.92,0.64,0.72,0.0
1.84,1.92,0.72,0.8,0.0
1.84,1.92,0.8,0.88,0.0
1.84,1.92,0.88,0.96,0.0
1.84,1.92,0.96,1.04,0.0
1.84,1.92,1.04,1.12,0.0
1.84,1.92,1.12,1.2,0.0
1.84,1.92,1.2,1.28,0.0
1.84,1.92,1.28,1.36,0.0
1.84,1.92,1.36,1.44,0.0
1.84,1.92,1.44,1.52,0.0
1.84,1.92,1.52,1.6,0.0
1.84,1.92,1.6,1.68,0.0
1.84,1.92,1.68,1.76,0.0
1.84,1.92,1.76,1.84,0.0
1.84,1.92,1.84,1.92,0.0
1.84,1.92,1.92,2.0,0.0
1.84,1.92,2.0,2.08,1.0
1.84,1.92,2.08,2.16,1.0
1.84,1.92,2.16,2.24,1.0
1.84,1.92,2.24,2.32,1.0
1.84,1.92,2.32,2.4,1.0
1.84,1.92,2.4,2.48,1.0
1.84,1.92,2.48,2.56,0.97440036900369
1.84,1.92,2.56,2.64,0.9761070110701107
1.84,1.92,2.64,2.72,1.0
1.84,1.92,2.72,2.8,0.9680004612546125
1.84,1.92,2.8,2.88,0.9714236677250493
1.84,1.92,2.88,2.96,0.9710612866998235
1.84,1.92,2.96,3.04,0.9855010939489927
1.84,1.92,3.04,3.12,0.9712565546708098
1.84,1.92,3.12,3.2,0.9768154285316438
1.84,1.92,3.2,3.28,0.9718599476071098
1.84,1.92,3.28,3.36,0.9785019673401154
1.84,1.92,3.36,3.44,0.9877733105689266
1.84,1.92,3.44,3.52,0.9821915610460453
1.84,1.92,3.52,3.6,0.9790440229983696
1.84,1.92,3.6,3.68,0.9740528627005727
1.84,1.92,3.68,3.76,0.9696937103900187
1.84,1.92,3.76,3.84,0.983937486433688
1.84,1.92,3.84,3.92,0.9819083879884732
1.84,1.92,3.92,4.0,0.9816903301483345
1.84,1.92,4.0,4.08,0.9820026836632003
1.84,1.92,4.08,4.16,0.9832682150350914
1.84,1.92,4.16,4.24,0.9797047970479704
1.84,1.92,4.24,4.32,0.9842911355249917
1.84,1.92,4.32,4.4,0.984026971188932
1.84,1.92,4.4,4.48,0.9857118338625247
1.84,1.92,4.48,4.56,0.9843295134798314
1.84,1.92,4.56,4.64,0.9910753580012865
1.84,1.92,4.64,4.72,0.985519400648552
1.84,1.92,4.72,4.8,0.9864756666434589
1.84,1.92,4.8,4.88,0.9940704640899416
1.84,1.92,4.88,4.96,0.9971752131314416
1.84,1.92,4.96,5.04,1.0
1.84,1.92,5.04,5.12,1.0
1.84,1.92,5.12,5.2,1.0
1.84,1.92,5.2,5.28,1.0
1.92,2.0,0.0,0.08,0.0
1.92,2.0,0.08,0.16,0.0
1.92,2.0,0.16,0.24,0.0
1.92,2.0,0.24,0.32,0.0
1.92,2.0,0.32,0.4,0.0
1.92,2.0,0.4,0.48,0.0
1.92,2.0,0.48,0.56,0.0
1.92,2.0,0.56,0.64,0.0
1.92,2.0,0.64,0.72,0.0
1.92,2.0,0.72,0.8,0.0
1.92,2.0,0.8,0.88,0.0
1.92,2.0,0.88,0.96,0.0
1.92,2.0,0.96,1.04,0.0
1.92,2.0,1.04,1.12,0.0
1.92,2.0,1.12,1.2,0.0
1.92,2.0,1.2,1.28,0.0
1.92,2.0,1.28,1.36,0.0
1.92,2.0,1.36,1.44,0.0
1.92,2.0,1.44,1.52,0.0
1.92,2.0,1.52,1.6,0.0
1.92,2.0,1.6,1.68,0.0
1.92,2.0,1.68,1.76,0.0
1.92,2.0,1.76,1.84,0.0
1.92,2.0,1.84,1.92,0.0
1.92,2.0,1.92,2.0,0.0
1.92,2.0,2.0,2.08,0.0
1.92,2.0,2.08,2.16,1.0
1.92,2.0,2.16,2.24,1.0
1.92,2.0,2.24,2.32,1.0
1.92,2.0,2.32,2.4,1.0
1.92,2.0,2.4,2.48,0.9397655741263294
1.92,2.0,2.48,2.56,0.9723247232472324
1.92,2.0,2.56,2.64,0.9669682180692775
1.92,2.0,2.64,2.72,0.959040590405904
1.92,2.0,2.72,2.8,0.9738556960037685
1.92,2.0,2.8,2.88,0.9747942094805563
1.92,2.0,2.88,2.96,0.9757477180034959
1.92,2.0,2.96,3.04,0.9876628284355133
1.92,2.0,3.04,3.12,0.9686346863468634
1.92,2.0,3.12,3.2,0.9704416631795183
1.92,2.0,3.2,3.28,0.9789951745671303
1.92,2.0,3.28,3.36,0.9724311666193585
1.92,2.0,3.36,3.44,0.9782996505461743
1.92,2.0,3.44,3.52,0.9760626827047492
1.92,2.0,3.52,3.6,0.9622742280054378
1.92,2.0,3.6,3.68,0.9789351607801793
1.92,2.0,3.68,3.76,0.9784424160031074
1.92,2.0,3.76,3.84,0.9719313690598834
1.92,2.0,3.84,3.92,0.9751258646189702
1.92,2.0,3.92,4.0,0.9801251809986454
1.92,2.0,4.0,4.08,0.9706078310783107
1.92,2.0,4.08,4.16,0.9792715538491421
1.92,2.0,4.16,4.24,0.9793674615850637
1.92,2.0,4.24,4.32,0.971643485665626
1.92,2.0,4.32,4.4,0.9777739637861496
1.92,2.0,4.4,4.48,0.9870381615208558
1.92,2.0,4.48,4.56,0.9833385452498592
1.92,2.0,4.56,4.64,0.9804334030601453
1.92,2.0,4.64,4.72,0.9969971107335708
1.92,2.0,4.72,4.8,1.0000000000000002
1.92,2.0,4.8,4.88,1.0
1.92,2.0,4.88,4.96,1.0
1.92,2.0,4.96,5.04,1.0
1.92,2.0,5.04,5.12,1.0
1.92,2.0,5.12,5.2,1.0
1.92,2.0,5.2,5.28,1.0
2.0,2.08,0.0,0.08,0.0
2.0,2.08,0.08,0.16,0.0
2.0,2.08,0.16,0.24,0.0
2.0,2.08,0.24,0.32,0.0
2.0,2.08,0.32,0.4,0.0
2.0,2.08,0.4,0.48,0.0
2.0,2.08,0.48,0.56,0.0
2.0,2.08,0.56,0.64,0.0
2.0,2.08,0.64,0.72,0.0
2.0,2.08,0.72,0.8,0.0
2.0,2.08,0.8,0.88,0.0
2.0,2.08,0.88,0.96,0.0
2.0,2.08,0.96,1.04,0.0
2.0,2.08,1.04,1.12,0.0
2.0,2.08,1.12,1.2,0.0
2.0,2.08,1.2,1.28,0.0
2.0,2.08,1.28,1.36,0.0
2.0,2.08,1.36,1.44,0.0
2.0,2.08,1.44,1.52,0.0
2.0,2.08,1.52,1.6,0.0
2.0,2.08,1.6,1.68,0.0
2.0,2.08,1.68,1.76,0.0
2.0,2.08,1.76,1.84,0.0
2.0,2.08,1.84,1.92,0.0
2.0,2.08,1.92,2.0,0.0
2.0,2.08,2.0,2.08,0.0
2.0,2.08,2.08,2.16,1.0
2.0,2.08,2.16,2.24,1.0
2.0,2.08,2.24,2.32,1.0
2.0,2.08,2.32,2.4,1.0
2.0,2.08,2.4,2.48,1.0
2.0,2.08,2.48,2.56,1.0
2.0,2.08,2.56,2.64,0.954489544895449
2.0,2.08,2.64,2.72,1.0
2.0,2.08,2.72,2.8,0.9715559655596555
2.0,2.08,2.8,2.88,0.9692804428044279
2.0,2.08,2.88,2.96,0.9844850721234486
2.0,2.08,2.96,3.04,0.9582820828208283
2.0,2.08,3.04,3.12,0.9821915610460452
2.0,2.08,3.12,3.2,0.9691401708537634
2.0,2.08,3.2,3.28,0.9831343607553723
2.0,2.08,3.28,3.36,0.9866020622823051
2.0,2.08,3.36,3.44,0.9611591805573229
2.0,2.08,3.44,3.52,0.9792002998154983
2.0,2.08,3.52,3.6,0.9718599476071098
2.0,2.08,3.6,3.68,0.9745872276241011
2.0,2.08,3.68,3.76,0.9713023244882131
2.0,2.08,3.76,3.84,0.9709409594095941
2.0,2.08,3.84,3.92,0.9817958179581795
2.0,2.08,3.92,4.0,0.9764483394833948
2.0,2.08,4.0,4.08,0.9701938568681461
2.0,2.08,4.08,4.16,0.9824772579276595
2.0,2.08,4.16,4.24,0.9790651906519066
2.0,2.08,4.24,4.32,0.9819562072272704
2.0,2.08,4.32,4.4,0.9845630365851398
2.0,2.08,4.4,4.48,0.9865706853789848
2.0,2.08,4.48,4.56,1.0
2.0,2.08,4.56,4.64,1.0
2.0,2.08,4.64,4.72,1.0
2.0,2.08,4.72,4.8,1.0
2.0,2.08,4.8,4.88,1.0
2.0,2.08,4.88,4.96,1.0
2.0,2.08,4.96,5.04,1.0
2.0,2.08,5.04,5.12,1.0
2.0,2.08,5.12,5.2,1.0
2.0,2.08,5.2,5.28,1.0
2.08,2.16,0.0,0.08,0.0
2.08,2.16,0.08,0.16,0.0
2.08,2.16,0.16,0.24,0.0
2.08,2.16,0.24,0.32,0.0
2.08,2.16,0.32,0.4,0.0
2.08,2.16,0.4,0.48,0.0
2.08,2.16,0.48,0.56,0.0
2.08,2.16,0.56,0.64,0.0
2.08,2.16,0.64,0.72,0.0
2.08,2.16,0.72,0.8,0.0
2.08,2.16,0.8,0.88,0.0
2.08,2.16,0.88,0.96,0.0
2.08,2.16,0.96,1.04,0.0
2.08,2.16,1.04,1.12,0.0
2.08,2.16,1.12,1.2,0.0
2.08,2.16,1.2,1.28,0.0
2.08,2.16,1.28,1.36,0.0
2.08,2.16,1.36,1.44,0.0
2.08,2.16,1.44,1.52,0.0
2.08,2.16,1.52,1.6,0.0
2.08,2.16,1.6,1.68,0.0
2.08,2.16,1.68,1.76,0.0
2.08,2.16,1.76,1.84,0.0
2.08,2.16,1.84,1.92,0.0
2.08,2.16,1.92,2.0,0.0
2.08,2.16,2.0,2.08,0.0
2.08,2.16,2.08,2.16,0.0
2.08,2.16,2.16,2.24,0.0
2.08,2.16,2.24,2.32,1.0
2.08,2.16,2.32,2.4,1.0
2.08,2.16,2.4,2.48,1.0
2.08,2.16,2.48,2.56,1.0
2.08,2.16,2.56,2.64,0.9534552163703456
2.08,2.16,2.64,2.72,1.0
2.08,2.16,2.72,2.8,1.0
2.08,2.16,2.8,2.88,0.9514954360069917
2.08,2.16,2.88,2.96,1.0
2.08,2.16,2.96,3.04,0.9676636240046611
2.08,2.16,3.04,3.12,1.0
2.08,2.16,3.12,3.2,0.9761070110701106
2.08,2.16,3.2,3.28,0.981620777746239
2.08,2.16,3.28,3.36,0.967663624004661
2.08,2.16,3.36,3.44,0.9757766932508033
2.08,2.16,3.44,3.52,0.9740763230417113
2.08,2.16,3.52,3.6,0.9770321067696658
2.08,2.16,3.6,3.68,0.9643156658839315
2.08,2.16,3.68,3.76,0.9818886964379847
2.08,2.16,3.76,3.84,0.9835564414038301
2.08,2.16,3.84,3.92,0.9677484963826014
2.08,2.16,3.92,4.0,0.9728945083568483
2.08,2.16,4.0,4.08,0.9754734074286848
2.08,2.16,4.08,4.16,0.9688915876500537
2.08,2.16,4.16,4.24,0.9685894098204786
2.08,2.16,4.24,4.32,0.9854515758272336
2.08,2.16,4.32,4.4,1.0
2.08,2.16,4.4,4.48,1.0
2.08,2.16,4.48,4.56,1.0
2.08,2.16,4.56,4.64,1.0
2.08,2.16,4.64,4.72,1.0
2.08,2.16,4.72,4.8,1.0
2.08,2.16,4.8,4.88,1.0
2.08,2.16,4.88,4.96,1.0
2.08,2.16,4.96,5.04,1.0
2.08,2.16,5.04,5.12,0.9999999999999999
2.08,2.16,5.12,5.2,1.0
2.08,2.16,5.2,5.28,1.0
2.16,2.24,0.0,0.08,0.0
2.16,2.24,0.08,0.16,0.0
2.16,2.24,0.16,0.24,0.0
2.16,2.24,0.24,0.32,0.0
2.16,2.24,0.32,0.4,0.0
2.16,2.24,0.4,0.48,0.0
2.16,2.24,0.48,0.56,0.0
2.16,2.24,0.56,0.64,0.0
2.16,2.24,0.64,0.72,0.0
2.16,2.24,0.72,0.8,0.0
2.16,2.24,0.8,0.88,0.0
2.16,2.24,0.88,0.96,0.0
2.16,2.24,0.96,1.04,0.0
2.16,2.24,1.04,1.12,0.0
2.16,2.24,1.12,1.2,0.0
2.16,2.24,1.2,1.28,0.0
2.16,2.24,1.28,1.36,0.0
2.16,2.24,1.36,1.44,0.0
2.16,2.24,1.44,1.52,0.0
2.16,2.24,1.52,1.6,0.0
2.16,2.24,1.6,1.68,0.0
2.16,2.24,1.68,1.76,0.0
2.16,2.24,1.76,1.84,0.0
2.16,2.24,1.84,1.92,0.0
2.16,2.24,1.92,2.0,0.0
2.16,2.24,2.0,2.08,0.0
2.16,2.24,2.08,2.16,0.0
2.16,2.24,2.16,2.24,0.0
2.16,2.24,2.24,2.32,0.0
2.16,2.24,2.32,2.4,1.0
2.16,2.24,2.4,2.48,1.0
2.16,2.24,2.48,2.56,1.0
2.16,2.24,2.56,2.64,1.0
2.16,2.24,2.64,2.72,1.0
2.16,2.24,2.72,2.8,1.0
2.16,2.24,2.8,2.88,0.9376704636611584
2.16,2.24,2.88,2.96,1.0
2.16,2.24,2.96,3.04,0.9505662298002291
2.16,2.24,3.04,3.12,0.9268581971534001
2.16,2.24,3.12,3.2,0.9488007380073802
2.16,2.24,3.2,3.28,0.9749228104525942
2.16,2.24,3.28,3.36,0.9713284132841328
2.16,2.24,3.36,3.44,0.9747510488803519
2.16,2.24,3.44,3.52,0.9699630996309964
2.16,2.24,3.52,3.6,0.9760626827047492
2.16,2.24,3.6,3.68,0.9710388012971038
2.16,2.24,3.68,3.76,0.968142681426814
2.16,2.24,3.76,3.84,0.9594672509225092
2.16,2.24,3.84,3.92,0.9759062296505318
2.16,2.24,3.92,4.0,0.9665235594663639
2.16,2.24,4.0,4.08,0.9555629046856506
2.16,2.24,4.08,4.16,0.9886223862238622
2.16,2.24,4.16,4.24,1.0
2.16,2.24,4.24,4.32,1.0
2.16,2.24,4.32,4.4,1.0
2.16,2.24,4.4,4.48,1.0
2.16,2.24,4.48,4.56,1.0
2.16,2.24,4.56,4.64,1.0
2.16,2.24,4.64,4.72,1.0
2.16,2.24,4.72,4.8,1.0
2.16,2.24,4.8,4.88,1.0
2.16,2.24,4.88,4.96,1.0
2.16,2.24,4.96,5.04,1.0
2.16,2.24,5.04,5.12,1.0
2.16,2.24,5.12,5.2,1.0
2.16,2.24,5.2,5.28,1.0
2.24,2.32,0.0,0.08,0.0
2.24,2.32,0.08,0.16,0.0
2.24,2.32,0.16,0.24,0.0
2.24,2.32,0.24,0.32,0.0
2.24,2.32,0.32,0.4,0.0
2.24,2.32,0.4,0.48,0.0
2.24,2.32,0.48,0.56,0.0
2.24,2.32,0.56,0.64,0.0
2.24,2.32,0.64,0.72,0.0
2.24,2.32,0.72,0.8,0.0
2.24,2.32,0.8,0.88,0.0
2.24,2.32,0.88,0.96,0.0
2.24,2.32,0.96,1.04,0.0
2.24,2.32,1.04,1.12,0.0
2.24,2.32,1.12,1.2,0.0
2.24,2.32,1.2,1.28,0.0
2.24,2.32,1.28,1.36,0.0
2.24,2.32,1.36,1.44,0.0
2.24,2.32,1.44,1.52,0.0
2.24,2.32,1.52,1.6,0.0
2.24,2.32,1.6,1.68,0.0
2.24,2.32,1.68,1.76,0.0
2.24,2.32,1.76,1.84,0.0
2.24,2.32,1.84,1.92,0.0
2.24,2.32,1.92,2.0,0.0
2.24,2.32,2.0,2.08,0.0
2.24,2.32,2.08,2.16,0.0
2.24,2.32,2.16,2.24,0.0
2.24,2.32,2.24,2.32,0.0
2.24,2.32,2.32,2.4,0.0
2.24,2.32,2.4,2.48,1.0
2.24,2.32,2.48,2.56,1.0
2.24,2.32,2.56,2.64,1.0
2.24,2.32,2.64,2.72,1.0
2.24,2.32,2.72,2.8,1.0
2.24,2.32,2.8,2.88,0.9360009225092251
2.24,2.32,2.88,2.96,1.0
2.24,2.32,2.96,3.04,0.9658671586715868
2.24,2.32,3.04,3.12,1.0
2.24,2.32,3.12,3.2,0.9376704636611584
2.24,2.32,3.2,3.28,0.964160516605166
2.24,2.32,3.28,3.36,0.9786669741697417
2.24,2.32,3.36,3.44,0.9738556960037683
2.24,2.32,3.44,3.52,0.9431119311193112
2.24,2.32,3.52,3.6,0.9590405904059038
2.24,2.32,3.6,3.68,0.9712004151291513
2.24,2.32,3.68,3.76,0.9650346503465034
2.24,2.32,3.76,3.84,0.9741061203715485
2.24,2.32,3.84,3.92,0.9738556960037685
2.24,2.32,3.92,4.0,0.9838318120023306
2.24,2.32,4.0,4.08,1.0
2.24,2.32,4.08,4.16,1.0
2.24,2.32,4.16,4.24,1.0
2.24,2.32,4.24,4.32,1.0
2.24,2.32,4.32,4.4,1.0000000000000002
2.24,2.32,4.4,4.48,1.0
2.24,2.32,4.48,4.56,1.0
2.24,2.32,4.56,4.64,1.0
2.24,2.32,4.64,4.72,1.0
2.24,2.32,4.72,4.8,1.0
2.24,2.32,4.8,4.88,1.0
2.24,2.32,4.88,4.96,1.0
2.24,2.32,4.96,5.04,1.0
2.24,2.32,5.04,5.12,1.0
2.24,2.32,5.12,5.2,1.0
2.24,2.32,5.2,5.28,1.0
2.32,2.4,0.0,0.08,0.0
2.32,2.4,0.08,0.16,0.0
2.32,2.4,0.16,0.24,0.0
2.32,2.4,0.24,0.32,0.0
2.32,2.4,0.32,0.4,0.0
2.32,2.4,0.4,0.48,0.0
2.32,2.4,0.48,0.56,0.0
2.32,2.4,0.56,0.64,0.0
2.32,2.4,0.64,0.72,0.0
2.32,2.4,0.72,0.8,0.0
2.32,2.4,0.8,0.88,0.0
2.32,2.4,0.88,0.96,0.0
2.32,2.4,0.96,1.04,0.0
2.32,2.4,1.04,1.12,0.0
2.32,2.4,1.12,1.2,0.0
2.32,2.4,1.2,1.28,0.0
2.32,2.4,1.28,1.36,0.0
2.32,2.4,1.36,1.44,0.0
2.32,2.4,1.44,1.52,0.0
2.32,2.4,1.52,1.6,0.0
2.32,2.4,1.6,1.68,0.0
2.32,2.4,1.68,1.76,0.0
2.32,2.4,1.76,1.84,0.0
2.32,2.4,1.84,1.92,0.0
2.32,2.4,1.92,2.0,0.0
2.32,2.4,2.0,2.08,0.0
2.32,2.4,2.08,2.16,0.0
2.32,2.4,2.16,2.24,0.0
2.32,2.4,2.24,2.32,0.0
2.32,2.4,2.32,2.4,0.0
2.32,2.4,2.4,2.48,1.0
2.32,2.4,2.48,2.56,0.0
2.32,2.4,2.56,2.64,1.0
2.32,2.4,2.64,2.72,1.0
2.32,2.4,2.72,2.8,1.0
2.32,2.4,2.8,2.88,1.0
2.32,2.4,2.88,2.96,1.0
2.32,2.4,2.96,3.04,1.0
2.32,2.4,3.04,3.12,0.9634290985767001
2.32,2.4,3.12,3.2,0.9461060400077685
2.32,2.4,3.2,3.28,1.0
2.32,2.4,3.28,3.36,0.9527391427760434
2.32,2.4,3.36,3.44,0.9369855237013909
2.32,2.4,3.44,3.52,1.0
2.32,2.4,3.52,3.6,0.947869842334787
2.32,2.4,3.6,3.68,0.9627641730962765
2.32,2.4,3.68,3.76,0.9573339483394835
2.32,2.4,3.76,3.84,0.9530673431734318
2.32,2.4,3.84,3.92,1.0
2.32,2.4,3.92,4.0,1.0
2.32,2.4,4.0,4.08,1.0
2.32,2.4,4.08,4.16,1.0
2.32,2.4,4.16,4.24,1.0
2.32,2.4,4.24,4.32,1.0
2.32,2.4,4.32,4.4,1.0
2.32,2.4,4.4,4.48,1.0
2.32,2.4,4.48,4.56,1.0
2.32,2.4,4.56,4.64,1.0
2.32,2.4,4.64,4.72,1.0
2.32,2.4,4.72,4.8,1.0
2.32,2.4,4.8,4.88,1.0
2.32,2.4,4.88,4.96,1.0
2.32,2.4,4.96,5.04,1.0
2.32,2.4,5.04,5.12,1.0
2.32,2.4,5.12,5.2,1.0
2.32,2.4,5.2,5.28,1.0
2.4,2.48,0.0,0.08,0.0
2.4,2.48,0.08,0.16,0.0
2.4,2.48,0.16,0.24,0.0
2.4,2.48,0.24,0.32,0.0
2.4,2.48,0.32,0.4,0.0
2.4,2.48,0.4,0.48,0.0
2.4,2.48,0.48,0.56,0.0
2.4,2.48,0.56,0.64,0.0
2.4,2.48,0.64,0.72,0.0
2.4,2.48,0.72,0.8,0.0
2.4,2.48,0.8,0.88,0.0
2.4,2.48,0.88,0.96,0.0
2.4,2.48,0.96,1.04,0.0
2.4,2.48,1.04,1.12,0.0
2.4,2.48,1.12,1.2,0.0
2.4,2.48,1.2,1.28,0.0
2.4,2.48,1.28,1.36,0.0
2.4,2.48,1.36,1.44,0.0
2.4,2.48,1.44,1.52,0.0
2.4,2.48,1.52,1.6,0.0
2.4,2.48,1.6,1.68,0.0
2.4,2.48,1.68,1.76,0.0
2.4,2.48,1.76,1.84,0.0
2.4,2.48,1.84,1.92,0.0
2.4,2.48,1.92,2.0,0.0
2.4,2.48,2.0,2.08,0.0
2.4,2.48,2.08,2.16,0.0
2.4,2.48,2.16,2.24,0.0
2.4,2.48,2.24,2.32,0.0
2.4,2.48,2.32,2.4,0.0
2.4,2.48,2.4,2.48,0.0
2.4,2.48,2.48,2.56,0.0
2.4,2.48,2.56,2.64,1.0
2.4,2.48,2.64,2.72,1.0
2.4,2.48,2.72,2.8,1.0
2.4,2.48,2.8,2.88,1.0
2.4,2.48,2.88,2.96,1.0
2.4,2.48,2.96,3.04,1.0
2.4,2.48,3.04,3.12,1.0
2.4,2.48,3.12,3.2,1.0
2.4,2.48,3.2,3.28,1.0
2.4,2.48,3.28,3.36,0.9534552163703456
2.4,2.48,3.36,3.44,0.9471491489108439
2.4,2.48,3.44,3.52,0.9646901641430208
2.4,2.48,3.52,3.6,0.9713284132841328
2.4,2.48,3.6,3.68,0.9414865577227202
2.4,2.48,3.68,3.76,1.0
2.4,2.48,3.76,3.84,1.0
2.4,2.48,3.84,3.92,1.0
2.4,2.48,3.92,4.0,1.0
2.4,2.48,4.0,4.08,1.0
2.4,2.48,4.08,4.16,1.0
2.4,2.48,4.16,4.24,1.0
2.4,2.48,4.24,4.32,1.0000000000000002
2.4,2.48,4.32,4.4,1.0
2.4,2.48,4.4,4.48,1.0
2.4,2.48,4.48,4.56,1.0
2.4,2.48,4.56,4.64,1.0
2.4,2.48,4.64,4.72,1.0
2.4,2.48,4.72,4.8,1.0
2.4,2.48,4.8,4.88,1.0
2.4,2.48,4.88,4.96,1.0
2.4,2.48,4.96,5.04,1.0
2.4,2.48,5.04,5.12,1.0
2.4,2.48,5.12,5.2,1.0
2.4,2.48,5.2,5.28,1.0
2.48,2.56,0.0,0.08,0.0
2.48,2.56,0.08,0.16,0.0
2.48,2.56,0.16,0.24,0.0
2.48,2.56,0.24,0.32,0.0
2.48,2.56,0.32,0.4,0.0
2.48,2.56,0.4,0.48,0.0
2.48,2.56,0.48,0.56,0.0
2.48,2.56,0.56,0.64,0.0
2.48,2.56,0.64,0.72,0.0
2.48,2.56,0.72,0.8,0.0
2.48,2.56,0.8,0.88,0.0
2.48,2.56,0.88,0.96,0.0
2.48,2.56,0.96,1.04,0.0
2.48,2.56,1.04,1.12,0.0
2.48,2.56,1.12,1.2,0.0
2.48,2.56,1.2,1.28,0.0
2.48,2.56,1.28,1.36,0.0
2.48,2.56,1.36,1.44,0.0
2.48,2.56,1.44,1.52,0.0
2.48,2.56,1.52,1.6,0.0
2.48,2.56,1.6,1.68,0.0
2.48,2.56,1.68,1.76,0.0
2.48,2.56,1.76,1.84,0.0
2.48,2.56,1.84,1.92,0.0
2.48,2.56,1.92,2.0,0.0
2.48,2.56,2.0,2.08,0.0
2.48,2.56,2.08,2.16,0.0
2.48,2.56,2.16,2.24,0.0
2.48,2.56,2.24,2.32,0.0
2.48,2.56,2.32,2.4,0.0
2.48,2.56,2.4,2.48,0.0
2.48,2.56,2.48,2.56,0.0
2.48,2.56,2.56,2.64,0.0
2.48,2.56,2.64,2.72,1.0
2.48,2.56,2.72,2.8,1.0
2.48,2.56,2.8,2.88,1.0
2.48,2.56,2.88,2.96,1.0
2.48,2.56,2.96,3.04,1.0
2.48,2.56,3.04,3.12,1.0
2.48,2.56,3.12,3.2,1.0
2.48,2.56,3.2,3.28,1.0
2.48,2.56,3.28,3.36,1.0
2.48,2.56,3.36,3.44,0.9385608856088561
2.48,2.56,3.44,3.52,1.0
2.48,2.56,3.52,3.6,0.9576281969716249
2.48,2.56,3.6,3.68,1.0
2.48,2.56,3.68,3.76,1.0
2.48,2.56,3.76,3.84,1.0
2.48,2.56,3.84,3.92,1.0
2.48,2.56,3.92,4.0,1.0
2.48,2.56,4.0,4.08,1.0
2.48,2.56,4.08,4.16,1.0
2.48,2.56,4.16,4.24,1.0
2.48,2.56,4.24,4.32,1.0
2.48,2.56,4.32,4.4,1.0000000000000002
2.48,2.56,4.4,4.48,1.0
2.48,2.56,4.48,4.56,1.0
2.48,2.56,4.56,4.64,1.0
2.48,2.56,4.64,4.72,1.0
2.48,2.56,4.72,4.8,1.0
2.48,2.56,4.8,4.88,1.0
2.48,2.56,4.88,4.96,1.0
2.48,2.56,4.96,5.04,1.0
2.48,2.56,5.04,5.12,1.0
2.48,2.56,5.12,5.2,1.0
2.48,2.56,5.2,5.28,1.0
2.56,2.64,0.0,0.08,0.0
2.56,2.64,0.08,0.16,0.0
2.56,2.64,0.16,0.24,0.0
2.56,2.64,0.24,0.32,0.0
2.56,2.64,0.32,0.4,0.0
2.56,2.64,0.4,0.48,0.0
2.56,2.64,0.48,0.56,0.0
2.56,2.64,0.56,0.64,0.0
2.56,2.64,0.64,0.72,0.0
2.56,2.64,0.72,0.8,0.0
2.56,2.64,0.8,0.88,0.0
2.56,2.64,0.88,0.96,0.0
2.56,2.64,0.96,1.04,0.0
2.56,2.64,1.04,1.12,0.0
2.56,2.64,1.12,1.2,0.0
2.56,2.64,1.2,1.28,0.0
2.56,2.64,1.28,1.36,0.0
2.56,2.64,1.36,1.44,0.0
2.56,2.64,1.44,1.52,0.0
2.56,2.64,1.52,1.6,0.0
2.56,2.64,1.6,1.68,0.0
2.56,2.64,1.68,1.76,0.0
2.56,2.64,1.76,1.84,0.0
2.56,2.64,1.84,1.92,0.0
2.56,2.64,1.92,2.0,0.0
2.56,2.64,2.0,2.08,0.0
2.56,2.64,2.08,2.16,0.0
2.56,2.64,2.16,2.24,0.0
2.56,2.64,2.24,2.32,0.0
2.56,2.64,2.32,2.4,0.0
2.56,2.64,2.4,2.48,0.0
2.56,2.64,2.48,2.56,0.0
2.56,2.64,2.56,2.64,0.0
2.56,2.64,2.64,2.72,0.0
2.56,2.64,2.72,2.8,0.0
2.56,2.64,2.8,2.88,0.0
2.56,2.64,2.88,2.96,0.0
2.56,2.64,2.96,3.04,1.0
2.56,2.64,3.04,3.12,1.0
2.56,2.64,3.12,3.2,1.0
2.56,2.64,3.2,3.28,1.0
2.56,2.64,3.28,3.36,1.0
2.56,2.64,3.36,3.44,0.9431119311193112
2.56,2.64,3.44,3.52,1.0
2.56,2.64,3.52,3.6,1.0
2.56,2.64,3.6,3.68,1.0
2.56,2.64,3.68,3.76,1.0
2.56,2.64,3.76,3.84,1.0
2.56,2.64,3.84,3.92,1.0
2.56,2.64,3.92,4.0,1.0
2.56,2.64,4.0,4.08,1.0
2.56,2.64,4.08,4.16,1.0
2.56,2.64,4.16,4.24,1.0
2.56,2.64,4.24,4.32,1.0
2.56,2.64,4.32,4.4,1.0
2.56,2.64,4.4,4.48,1.0
2.56,2.64,4.48,4.56,1.0
2.56,2.64,4.56,4.64,1.0
2.56,2.64,4.64,4.72,1.0
2.56,2.64,4.72,4.8,1.0
2.56,2.64,4.8,4.88,1.0
2.56,2.64,4.88,4.96,1.0
2.56,2.64,4.96,5.04,1.0
2.56,2.64,5.04,5.12,1.0
2.56,2.64,5.12,5.2,1.0
2.56,2.64,5.2,5.28,1.0
2.64,2.72,0.0,0.08,0.0
2.64,2.72,0.08,0.16,0.0
2.64,2.72,0.16,0.24,0.0
2.64,2.72,0.24,0.32,0.0
2.64,2.72,0.32,0.4,0.0
2.64,2.72,0.4,0.48,0.0
2.64,2.72,0.48,0.56,0.0
2.64,2.72,0.56,0.64,0.0
2.64,2.72,0.64,0.72,0.0
2.64,2.72,0.72,0.8,0.0
2.64,2.72,0.8,0.88,0.0
2.64,2.72,0.88,0.96,0.0
2.64,2.72,0.96,1.04,0.0
2.64,2.72,1.04,1.12,0.0
2.64,2.72,1.12,1.2,0.0
2.64,2.72,1.2,1.28,0.0
2.64,2.72,1.28,1.36,0.0
2.64,2.72,1.36,1.44,0.0
2.64,2.72,1.44,1.52,0.0
2.64,2.72,1.52,1.6,0.0
2.64,2.72,1.6,1.68,0.0
2.64,2.72,1.68,1.76,0.0
2.64,2.72,1.76,1.84,0.0
2.64,2.72,1.84,1.92,0.0
2.64,2.72,1.92,2.0,0.0
2.64,2.72,2.0,2.08,0.0
2.64,2.72,2.08,2.16,0.0
2.64,2.72,2.16,2.24,0.0
2.64,2.72,2.24,2.32,0.0
2.64,2.72,2.32,2.4,0.0
2.64,2.72,2.4,2.48,0.0
2.64,2.72,2.48,2.56,0.0
2.64,2.72,2.56,2.64,0.0
2.64,2.72,2.64,2.72,0.0
2.64,2.72,2.72,2.8,1.0
2.64,2.72,2.8,2.88,0.0
2.64,2.72,2.88,2.96,1.0
2.64,2.72,2.96,3.04,1.0
2.64,2.72,3.04,3.12,1.0
2.64,2.72,3.12,3.2,1.0
2.64,2.72,3.2,3.28,1.0
2.64,2.72,3.28,3.36,1.0
2.64,2.72,3.36,3.44,1.0
2.64,2.72,3.44,3.52,1.0
2.64,2.72,3.52,3.6,1.0
2.64,2.72,3.6,3.68,1.0
2.64,2.72,3.68,3.76,1.0
2.64,2.72,3.76,3.84,1.0
2.64,2.72,3.84,3.92,1.0
2.64,2.72,3.92,4.0,1.0
2.64,2.72,4.0,4.08,1.0
2.64,2.72,4.08,4.16,1.0
2.64,2.72,4.16,4.24,1.0000000000000002
2.64,2.72,4.24,4.32,1.0
2.64,2.72,4.32,4.4,1.0
2.64,2.72,4.4,4.48,1.0
2.64,2.72,4.48,4.56,1.0
2.64,2.72,4.56,4.64,1.0
2.64,2.72,4.64,4.72,1.0
2.64,2.72,4.72,4.8,1.0
2.64,2.72,4.8,4.88,1.0
2.64,2.72,4.88,4.96,1.0
2.64,2.72,4.96,5.04,1.0
2.64,2.72,5.04,5.12,1.0
2.64,2.72,5.12,5.2,1.0
2.64,2.72,5.2,5.28,1.0
2.72,2.8,0.0,0.08,0.0
2.72,2.8,0.08,0.16,0.0
2.72,2.8,0.16,0.24,0.0
2.72,2.8,0.24,0.32,0.0
2.72,2.8,0.32,0.4,0.0
2.72,2.8,0.4,0.48,0.0
2.72,2.8,0.48,0.56,0.0
2.72,2.8,0.56,0.64,0.0
2.72,2.8,0.64,0.72,0.0
2.72,2.8,0.72,0.8,0.0
2.72,2.8,0.8,0.88,0.0
2.72,2.8,0.88,0.96,0.0
2.72,2.8,0.96,1.04,0.0
2.72,2.8,1.04,1.12,0.0
2.72,2.8,1.12,1.2,0.0
2.72,2.8,1.2,1.28,0.0
2.72,2.8,1.28,1.36,0.0
2.72,2.8,1.36,1.44,0.0
2.72,2.8,1.44,1.52,0.0
2.72,2.8,1.52,1.6,0.0
2.72,2.8,1.6,1.68,0.0
2.72,2.8,1.68,1.76,0.0
2.72,2.8,1.76,1.84,0.0
2.72,2.8,1.84,1.92,0.0
2.72,2.8,1.92,2.0,0.0
2.72,2.8,2.0,2.08,0.0
2.72,2.8,2.08,2.16,0.0
2.72,2.8,2.16,2.24,0.0
2.72,2.8,2.24,2.32,0.0
2.72,2.8,2.32,2.4,0.0
2.72,2.8,2.4,2.48,0.0
2.72,2.8,2.48,2.56,0.0
2.72,2.8,2.56,2.64,0.0
2.72,2.8,2.64,2.72,0.0
2.72,2.8,2.72,2.8,0.0
2.72,2.8,2.8,2.88,0.0
2.72,2.8,2.88,2.96,1.0
2.72,2.8,2.96,3.04,0.0
2.72,2.8,3.04,3.12,1.0
2.72,2.8,3.12,3.2,1.0
2.72,2.8,3.2,3.28,1.0
2.72,2.8,3.28,3.36,1.0
2.72,2.8,3.36,3.44,1.0
2.72,2.8,3.44,3.52,1.0
2.72,2.8,3.52,3.6,1.0
2.72,2.8,3.6,3.68,1.0
2.72,2.8,3.68,3.76,1.0
2.72,2.8,3.76,3.84,1.0
2.72,2.8,3.84,3.92,1.0
2.72,2.8,3.92,4.0,1.0
2.72,2.8,4.0,4.08,1.0
2.72,2.8,4.08,4.16,1.0
2.72,2.8,4.16,4.24,1.0
2.72,2.8,4.24,4.32,1.0
2.72,2.8,4.32,4.4,1.0
2.72,2.8,4.4,4.48,1.0
2.72,2.8,4.48,4.56,1.0
2.72,2.8,4.56,4.64,1.0
2.72,2.8,4.64,4.72,1.0
2.72,2.8,4.72,4.8,1.0
2.72,2.8,4.8,4.88,1.0
2.72,2.8,4.88,4.96,1.0
2.72,2.8,4.96,5.04,1.0
2.72,2.8,5.04,5.12,1.0
2.72,2.8,5.12,5.2,1.0
2.72,2.8,5.2,5.28,1.0
2.8,2.88,0.0,0.08,0.0
2.8,2.88,0.08,0.16,0.0
2.8,2.88,0.16,0.24,0.0
2.8,2.88,0.24,0.32,0.0
2.8,2.88,0.32,0.4,0.0
2.8,2.88,0.4,0.48,0.0
2.8,2.88,0.48,0.56,0.0
2.8,2.88,0.56,0.64,0.0
2.8,2.88,0.64,0.72,0.0
2.8,2.88,0.72,0.8,0.0
2.8,2.88,0.8,0.88,0.0
2.8,2.88,0.88,0.96,0.0
2.8,2.88,0.96,1.04,0.0
2.8,2.88,1.04,1.12,0.0
2.8,2.88,1.12,1.2,0.0
2.8,2.88,1.2,1.28,0.0
2.8,2.88,1.28,1.36,0.0
2.8,2.88,1.36,1.44,0.0
2.8,2.88,1.44,1.52,0.0
2.8,2.88,1.52,1.6,0.0
2.8,2.88,1.6,1.68,0.0
2.8,2.88,1.68,1.76,0.0
2.8,2.88,1.76,1.84,0.0
2.8,2.88,1.84,1.92,0.0
2.8,2.88,1.92,2.0,0.0
2.8,2.88,2.0,2.08,0.0
2.8,2.88,2.08,2.16,0.0
2.8,2.88,2.16,2.24,0.0
2.8,2.88,2.24,2.32,0.0
2.8,2.88,2.32,2.4,0.0
2.8,2.88,2.4,2.48,0.0
2.8,2.88,2.48,2.56,0.0
2.8,2.88,2.56,2.64,0.0
2.8,2.88,2.64,2.72,0.0
2.8,2.88,2.72,2.8,0.0
2.8,2.88,2.8,2.88,0.0
2.8,2.88,2.88,2.96,0.0
2.8,2.88,2.96,3.04,0.0
2.8,2.88,3.04,3.12,0.0
2.8,2.88,3.12,3.2,1.0
2.8,2.88,3.2,3.28,1.0
2.8,2.88,3.28,3.36,1.0
2.8,2.88,3.36,3.44,1.0
2.8,2.88,3.44,3.52,1.0
2.8,2.88,3.52,3.6,1.0
2.8,2.88,3.6,3.68,1.0
2.8,2.88,3.68,3.76,1.0
2.8,2.88,3.76,3.84,1.0
2.8,2.88,3.84,3.92,1.0
2.8,2.88,3.92,4.0,1.0
2.8,2.88,4.0,4.08,1.0
2.8,2.88,4.08,4.16,1.0
2.8,2.88,4.16,4.24,1.0
2.8,2.88,4.24,4.32,1.0
2.8,2.88,4.32,4.4,1.0
2.8,2.88,4.4,4.48,1.0
2.8,2.88,4.48,4.56,1.0
2.8,2.88,4.56,4.64,1.0
2.8,2.88,4.64,4.72,1.0
2.8,2.88,4.72,4.8,1.0
2.8,2.88,4.8,4.88,1.0
2.8,2.88,4.88,4.96,1.0
2.8,2.88,4.96,5.04,1.0
2.8,2.88,5.04,5.12,1.0
2.8,2.88,5.12,5.2,1.0
2.8,2.88,5.2,5.28,1.0
2.88,2.96,0.0,0.08,0.0
2.88,2.96,0.08,0.16,0.0
2.88,2.96,0.16,0.24,0.0
2.88,2.96,0.24,0.32,0.0
2.88,2.96,0.32,0.4,0.0
2.88,2.96,0.4,0.48,0.0
2.88,2.96,0.48,0.56,0.0
2.88,2.96,0.56,0.64,0.0
2.88,2.96,0.64,0.72,0.0
2.88,2.96,0.72,0.8,0.0
2.88,2.96,0.8,0.88,0.0
2.88,2.96,0.88,0.96,0.0
2.88,2.96,0.96,1.04,0.0
2.88,2.96,1.04,1.12,0.0
2.88,2.96,1.12,1.2,0.0
2.88,2.96,1.2,1.28,0.0
2.88,2.96,1.28,1.36,0.0
2.88,2.96,1.36,1.44,0.0
2.88,2.96,1.44,1.52,0.0
2.88,2.96,1.52,1.6,0.0
2.88,2.96,1.6,1.68,0.0
2.88,2.96,1.68,1.76,0.0
2.88,2.96,1.76,1.84,0.0
2.88,2.96,1.84,1.92,0.0
2.88,2.96,1.92,2.0,0.0
2.88,2.96,2.0,2.08,0.0
2.88,2.96,2.08,2.16,0.0
2.88,2.96,2.16,2.24,0.0
2.88,2.96,2.24,2.32,0.0
2.88,2.96,2.32,2.4,0.0
2.88,2.96,2.4,2.48,0.0
2.88,2.96,2.48,2.56,0.0
2.88,2.96,2.56,2.64,0.0
2.88,2.96,2.64,2.72,0.0
2.88,2.96,2.72,2.8,0.0
2.88,2.96,2.8,2.88,0.0
2.88,2.96,2.88,2.96,0.0
2.88,2.96,2.96,3.04,0.0
2.88,2.96,3.04,3.12,0.0
2.88,2.96,3.12,3.2,0.0
2.88,2.96,3.2,3.28,1.0
2.88,2.96,3.28,3.36,1.0
2.88,2.96,3.36,3.44,1.0
2.88,2.96,3.44,3.52,1.0
2.88,2.96,3.52,3.6,1.0
2.88,2.96,3.6,3.68,1.0
2.88,2.96,3.68,3.76,1.0
2.88,2.96,3.76,3.84,1.0
2.88,2.96,3.84,3.92,1.0
2.88,2.96,3.92,4.0,1.0
2.88,2.96,4.0,4.08,1.0
2.88,2.96,4.08,4.16,1.0
2.88,2.96,4.16,4.24,1.0
2.88,2.96,4.24,4.32,1.0
2.88,2.96,4.32,4.4,1.0
2.88,2.96,4.4,4.48,1.0
2.88,2.96,4.48,4.56,1.0
2.88,2.96,4.56,4.64,1.0
2.88,2.96,4.64,4.72,1.0
2.88,2.96,4.72,4.8,1.0
2.88,2.96,4.8,4.88,1.0
2.88,2.96,4.88,4.96,1.0
2.88,2.96,4.96,5.04,1.0
2.88,2.96,5.04,5.12,1.0
2.88,2.96,5.12,5.2,1.0
2.88,2.96,5.2,5.28,1.0
